DateKey,AccountKey,ChannelKey,ProductKey,Amount,ScenarioKey
201001,101,1,1,237.07,1
201001,101,1,2,156.68,1
201001,101,1,3,8.01,1
201001,101,2,1,99.24,1
201001,101,2,2,219.32,1
201001,101,2,3,203.66,1
201001,101,3,1,5.7,1
201001,101,3,2,9.33,1
201001,101,3,3,15.06,1
201002,101,1,1,256.82,1
201002,101,1,2,169.74,1
201002,101,1,3,8.67,1
201002,101,2,1,107.51,1
201002,101,2,2,237.6,1
201002,101,2,3,220.63,1
201002,101,3,1,6.18,1
201002,101,3,2,10.11,1
201002,101,3,3,16.31,1
201003,101,1,1,335.85,1
201003,101,1,2,221.96,1
201003,101,1,3,11.34,1
201003,101,2,1,140.59,1
201003,101,2,2,310.71,1
201003,101,2,3,288.51,1
201003,101,3,1,8.08,1
201003,101,3,2,13.22,1
201003,101,3,3,21.33,1
201004,101,1,1,316.09,1
201004,101,1,2,208.91,1
201004,101,1,3,10.67,1
201004,101,2,1,132.32,1
201004,101,2,2,292.43,1
201004,101,2,3,271.54,1
201004,101,3,1,7.6,1
201004,101,3,2,12.44,1
201004,101,3,3,20.08,1
201005,101,1,1,355.6,1
201005,101,1,2,235.02,1
201005,101,1,3,12.01,1
201005,101,2,1,148.86,1
201005,101,2,2,328.98,1
201005,101,2,3,305.48,1
201005,101,3,1,8.55,1
201005,101,3,2,14,1
201005,101,3,3,22.58,1
201006,101,1,1,375.36,1
201006,101,1,2,248.08,1
201006,101,1,3,12.67,1
201006,101,2,1,157.13,1
201006,101,2,2,347.26,1
201006,101,2,3,322.46,1
201006,101,3,1,9.03,1
201006,101,3,2,14.78,1
201006,101,3,3,23.84,1
201007,101,1,1,316.09,1
201007,101,1,2,208.91,1
201007,101,1,3,10.67,1
201007,101,2,1,132.32,1
201007,101,2,2,292.43,1
201007,101,2,3,271.54,1
201007,101,3,1,7.6,1
201007,101,3,2,12.44,1
201007,101,3,3,20.08,1
201008,101,1,1,237.07,1
201008,101,1,2,156.68,1
201008,101,1,3,8.01,1
201008,101,2,1,99.24,1
201008,101,2,2,219.32,1
201008,101,2,3,203.66,1
201008,101,3,1,5.7,1
201008,101,3,2,9.33,1
201008,101,3,3,15.06,1
201009,101,1,1,395.11,1
201009,101,1,2,261.13,1
201009,101,1,3,13.34,1
201009,101,2,1,165.4,1
201009,101,2,2,365.54,1
201009,101,2,3,339.43,1
201009,101,3,1,9.5,1
201009,101,3,2,15.55,1
201009,101,3,3,25.09,1
201010,101,1,1,434.62,1
201010,101,1,2,287.25,1
201010,101,1,3,14.68,1
201010,101,2,1,181.94,1
201010,101,2,2,402.09,1
201010,101,2,3,373.37,1
201010,101,3,1,10.45,1
201010,101,3,2,17.11,1
201010,101,3,3,27.6,1
201011,101,1,1,375.36,1
201011,101,1,2,248.08,1
201011,101,1,3,12.67,1
201011,101,2,1,157.13,1
201011,101,2,2,347.26,1
201011,101,2,3,322.46,1
201011,101,3,1,9.03,1
201011,101,3,2,14.78,1
201011,101,3,3,23.84,1
201012,101,1,1,316.08,1
201012,101,1,2,208.88,1
201012,101,1,3,10.68,1
201012,101,2,1,132.3,1
201012,101,2,2,292.44,1
201012,101,2,3,271.53,1
201012,101,3,1,7.6,1
201012,101,3,2,12.44,1
201012,101,3,3,20.07,1
201101,101,1,1,252.87,1
201101,101,1,2,160.18,1
201101,101,1,3,8.44,1
201101,101,2,1,111.21,1
201101,101,2,2,211.77,1
201101,101,2,3,206.46,1
201101,101,3,1,8.28,1
201101,101,3,2,11.36,1
201101,101,3,3,19.61,1
201102,101,1,1,336.07,1
201102,101,1,2,212.89,1
201102,101,1,3,11.21,1
201102,101,2,1,147.8,1
201102,101,2,2,281.45,1
201102,101,2,3,274.39,1
201102,101,3,1,11,1
201102,101,3,2,15.09,1
201102,101,3,3,26.06,1
201103,101,1,1,295.45,1
201103,101,1,2,187.15,1
201103,101,1,3,9.86,1
201103,101,2,1,129.93,1
201103,101,2,2,247.43,1
201103,101,2,3,241.22,1
201103,101,3,1,9.67,1
201103,101,3,2,13.27,1
201103,101,3,3,22.91,1
201104,101,1,1,396.25,1
201104,101,1,2,251,1
201104,101,1,3,13.22,1
201104,101,2,1,174.26,1
201104,101,2,2,331.85,1
201104,101,2,3,323.52,1
201104,101,3,1,12.97,1
201104,101,3,2,17.8,1
201104,101,3,3,30.73,1
201105,101,1,1,465.33,1
201105,101,1,2,294.76,1
201105,101,1,3,15.53,1
201105,101,2,1,204.64,1
201105,101,2,2,389.7,1
201105,101,2,3,379.93,1
201105,101,3,1,15.23,1
201105,101,3,2,20.9,1
201105,101,3,3,36.08,1
201106,101,1,1,367.35,1
201106,101,1,2,232.7,1
201106,101,1,3,12.26,1
201106,101,2,1,161.56,1
201106,101,2,2,307.65,1
201106,101,2,3,299.93,1
201106,101,3,1,12.03,1
201106,101,3,2,16.5,1
201106,101,3,3,28.49,1
201107,101,1,1,417.1,1
201107,101,1,2,264.22,1
201107,101,1,3,13.92,1
201107,101,2,1,183.43,1
201107,101,2,2,349.32,1
201107,101,2,3,340.55,1
201107,101,3,1,13.66,1
201107,101,3,2,18.73,1
201107,101,3,3,32.34,1
201108,101,1,1,211.16,1
201108,101,1,2,133.76,1
201108,101,1,3,7.05,1
201108,101,2,1,92.86,1
201108,101,2,2,176.84,1
201108,101,2,3,172.4,1
201108,101,3,1,6.91,1
201108,101,3,2,9.48,1
201108,101,3,3,16.37,1
201109,101,1,1,404.07,1
201109,101,1,2,255.96,1
201109,101,1,3,13.48,1
201109,101,2,1,177.7,1
201109,101,2,2,338.4,1
201109,101,2,3,329.91,1
201109,101,3,1,13.23,1
201109,101,3,2,18.15,1
201109,101,3,3,31.33,1
201110,101,1,1,401.46,1
201110,101,1,2,254.31,1
201110,101,1,3,13.4,1
201110,101,2,1,176.56,1
201110,101,2,2,336.22,1
201110,101,2,3,327.78,1
201110,101,3,1,13.14,1
201110,101,3,2,18.03,1
201110,101,3,3,31.13,1
201111,101,1,1,408.63,1
201111,101,1,2,258.85,1
201111,101,1,3,13.64,1
201111,101,2,1,179.71,1
201111,101,2,2,342.22,1
201111,101,2,3,333.63,1
201111,101,3,1,13.38,1
201111,101,3,2,18.35,1
201111,101,3,3,31.69,1
201112,101,1,1,389.07,1
201112,101,1,2,246.46,1
201112,101,1,3,12.97,1
201112,101,2,1,171.11,1
201112,101,2,2,325.85,1
201112,101,2,3,317.69,1
201112,101,3,1,12.74,1
201112,101,3,2,17.49,1
201112,101,3,3,30.17,1
201201,101,1,1,252.86,1
201201,101,1,2,164.99,1
201201,101,1,3,10.72,1
201201,101,2,1,109.61,1
201201,101,2,2,198.24,1
201201,101,2,3,213.93,1
201201,101,3,1,8.88,1
201201,101,3,2,13.98,1
201201,101,3,3,23.28,1
201202,101,1,1,321.06,1
201202,101,1,2,209.49,1
201202,101,1,3,13.62,1
201202,101,2,1,139.17,1
201202,101,2,2,251.71,1
201202,101,2,3,271.63,1
201202,101,3,1,11.27,1
201202,101,3,2,17.75,1
201202,101,3,3,29.56,1
201203,101,1,1,423.7,1
201203,101,1,2,276.47,1
201203,101,1,3,17.97,1
201203,101,2,1,183.66,1
201203,101,2,2,332.17,1
201203,101,2,3,358.46,1
201203,101,3,1,14.87,1
201203,101,3,2,23.42,1
201203,101,3,3,39.01,1
201204,101,1,1,373.4,1
201204,101,1,2,243.65,1
201204,101,1,3,15.84,1
201204,101,2,1,161.86,1
201204,101,2,2,292.74,1
201204,101,2,3,315.91,1
201204,101,3,1,13.11,1
201204,101,3,2,20.64,1
201204,101,3,3,34.38,1
201205,101,1,1,403.76,1
201205,101,1,2,263.46,1
201205,101,1,3,17.12,1
201205,101,2,1,175.02,1
201205,101,2,2,316.54,1
201205,101,2,3,341.59,1
201205,101,3,1,14.17,1
201205,101,3,2,22.32,1
201205,101,3,3,37.17,1
201206,101,1,1,344.4,1
201206,101,1,2,224.72,1
201206,101,1,3,14.61,1
201206,101,2,1,149.29,1
201206,101,2,2,270,1
201206,101,2,3,291.37,1
201206,101,3,1,12.09,1
201206,101,3,2,19.04,1
201206,101,3,3,31.71,1
201207,101,1,1,326.27,1
201207,101,1,2,212.89,1
201207,101,1,3,13.84,1
201207,101,2,1,141.43,1
201207,101,2,2,255.79,1
201207,101,2,3,276.04,1
201207,101,3,1,11.45,1
201207,101,3,2,18.04,1
201207,101,3,3,30.04,1
201208,101,1,1,225.67,1
201208,101,1,2,147.25,1
201208,101,1,3,9.57,1
201208,101,2,1,97.82,1
201208,101,2,2,176.92,1
201208,101,2,3,190.92,1
201208,101,3,1,7.92,1
201208,101,3,2,12.48,1
201208,101,3,3,20.78,1
201209,101,1,1,394.25,1
201209,101,1,2,257.25,1
201209,101,1,3,16.72,1
201209,101,2,1,170.89,1
201209,101,2,2,309.08,1
201209,101,2,3,333.54,1
201209,101,3,1,13.84,1
201209,101,3,2,21.79,1
201209,101,3,3,36.3,1
201210,101,1,1,553.31,1
201210,101,1,2,361.03,1
201210,101,1,3,23.47,1
201210,101,2,1,239.84,1
201210,101,2,2,433.78,1
201210,101,2,3,468.11,1
201210,101,3,1,19.42,1
201210,101,3,2,30.59,1
201210,101,3,3,50.94,1
201211,101,1,1,477.86,1
201211,101,1,2,311.8,1
201211,101,1,3,20.27,1
201211,101,2,1,207.14,1
201211,101,2,2,374.63,1
201211,101,2,3,404.28,1
201211,101,3,1,16.77,1
201211,101,3,2,26.42,1
201211,101,3,3,44,1
201212,101,1,1,435.05,1
201212,101,1,2,283.86,1
201212,101,1,3,18.43,1
201212,101,2,1,188.57,1
201212,101,2,2,341.07,1
201212,101,2,3,368.05,1
201212,101,3,1,15.28,1
201212,101,3,2,24.04,1
201212,101,3,3,40.05,1
201301,101,1,1,274.95,1
201301,101,1,2,184.85,1
201301,101,1,3,14.25,1
201301,101,2,1,120.92,1
201301,101,2,2,214.41,1
201301,101,2,3,214.4,1
201301,101,3,1,11.91,1
201301,101,3,2,19.92,1
201301,101,3,3,33.16,1
201302,101,1,1,251.32,1
201302,101,1,2,168.96,1
201302,101,1,3,13.03,1
201302,101,2,1,110.53,1
201302,101,2,2,195.98,1
201302,101,2,3,195.98,1
201302,101,3,1,10.89,1
201302,101,3,2,18.21,1
201302,101,3,3,30.31,1
201303,101,1,1,466.6,1
201303,101,1,2,313.7,1
201303,101,1,3,24.19,1
201303,101,2,1,205.2,1
201303,101,2,2,363.86,1
201303,101,2,3,363.85,1
201303,101,3,1,20.22,1
201303,101,3,2,33.81,1
201303,101,3,3,56.28,1
201304,101,1,1,381.87,1
201304,101,1,2,256.73,1
201304,101,1,3,19.8,1
201304,101,2,1,167.94,1
201304,101,2,2,297.79,1
201304,101,2,3,297.78,1
201304,101,3,1,16.55,1
201304,101,3,2,27.67,1
201304,101,3,3,46.06,1
201305,101,1,1,438.19,1
201305,101,1,2,294.6,1
201305,101,1,3,22.71,1
201305,101,2,1,192.71,1
201305,101,2,2,341.72,1
201305,101,2,3,341.7,1
201305,101,3,1,18.99,1
201305,101,3,2,31.75,1
201305,101,3,3,52.85,1
201306,101,1,1,480.68,1
201306,101,1,2,323.16,1
201306,101,1,3,24.92,1
201306,101,2,1,211.4,1
201306,101,2,2,374.85,1
201306,101,2,3,374.83,1
201306,101,3,1,20.83,1
201306,101,3,2,34.83,1
201306,101,3,3,57.97,1
201307,101,1,1,389.51,1
201307,101,1,2,261.87,1
201307,101,1,3,20.19,1
201307,101,2,1,171.3,1
201307,101,2,2,303.75,1
201307,101,2,3,303.74,1
201307,101,3,1,16.88,1
201307,101,3,2,28.22,1
201307,101,3,3,46.98,1
201308,101,1,1,229.12,1
201308,101,1,2,154.04,1
201308,101,1,3,11.88,1
201308,101,2,1,100.76,1
201308,101,2,2,178.68,1
201308,101,2,3,178.67,1
201308,101,3,1,9.93,1
201308,101,3,2,16.6,1
201308,101,3,3,27.63,1
201309,101,1,1,486.88,1
201309,101,1,2,327.33,1
201309,101,1,3,25.24,1
201309,101,2,1,214.13,1
201309,101,2,2,379.68,1
201309,101,2,3,379.67,1
201309,101,3,1,21.1,1
201309,101,3,2,35.28,1
201309,101,3,3,58.72,1
201310,101,1,1,609.08,1
201310,101,1,2,409.49,1
201310,101,1,3,31.57,1
201310,101,2,1,267.87,1
201310,101,2,2,474.98,1
201310,101,2,3,474.96,1
201310,101,3,1,26.39,1
201310,101,3,2,44.14,1
201310,101,3,3,73.46,1
201311,101,1,1,426.26,1
201311,101,1,2,286.58,1
201311,101,1,3,22.1,1
201311,101,2,1,187.46,1
201311,101,2,2,332.41,1
201311,101,2,3,332.4,1
201311,101,3,1,18.47,1
201311,101,3,2,30.89,1
201311,101,3,3,51.41,1
201312,101,1,1,338.9,1
201312,101,1,2,227.85,1
201312,101,1,3,17.56,1
201312,101,2,1,149.05,1
201312,101,2,2,264.29,1
201312,101,2,3,264.28,1
201312,101,3,1,14.67,1
201312,101,3,2,24.57,1
201312,101,3,3,40.88,1
201401,101,1,1,365.26,1
201401,101,1,2,245.61,1
201401,101,1,3,18.86,1
201401,101,2,1,144.3,1
201401,101,2,2,261.12,1
201401,101,2,3,281.7,1
201401,101,3,1,19.53,1
201401,101,3,2,29.9,1
201401,101,3,3,51.59,1
201402,101,1,1,372.02,1
201402,101,1,2,250.15,1
201402,101,1,3,19.21,1
201402,101,2,1,146.98,1
201402,101,2,2,265.95,1
201402,101,2,3,286.91,1
201402,101,3,1,19.89,1
201402,101,3,2,30.45,1
201402,101,3,3,52.55,1
201403,101,1,1,429,1
201403,101,1,2,288.47,1
201403,101,1,3,22.15,1
201403,101,2,1,169.49,1
201403,101,2,2,306.69,1
201403,101,2,3,330.85,1
201403,101,3,1,22.94,1
201403,101,3,2,35.12,1
201403,101,3,3,60.59,1
201404,101,1,1,470.36,1
201404,101,1,2,316.28,1
201404,101,1,3,24.29,1
201404,101,2,1,185.83,1
201404,101,2,2,336.26,1
201404,101,2,3,362.75,1
201404,101,3,1,25.15,1
201404,101,3,2,38.5,1
201404,101,3,3,66.44,1
201405,101,1,1,398.04,1
201405,101,1,2,267.65,1
201405,101,1,3,20.55,1
201405,101,2,1,157.25,1
201405,101,2,2,284.55,1
201405,101,2,3,306.98,1
201405,101,3,1,21.29,1
201405,101,3,2,32.58,1
201405,101,3,3,56.22,1
201406,101,1,1,583.27,1
201406,101,1,2,392.2,1
201406,101,1,3,30.11,1
201406,101,2,1,230.43,1
201406,101,2,2,416.97,1
201406,101,2,3,449.83,1
201406,101,3,1,31.19,1
201406,101,3,2,47.75,1
201406,101,3,3,82.38,1
201407,101,1,1,424.57,1
201407,101,1,2,285.49,1
201407,101,1,3,21.92,1
201407,101,2,1,167.74,1
201407,101,2,2,303.52,1
201407,101,2,3,327.44,1
201407,101,3,1,22.71,1
201407,101,3,2,34.76,1
201407,101,3,3,59.97,1
201408,101,1,1,355.89,1
201408,101,1,2,239.31,1
201408,101,1,3,18.37,1
201408,101,2,1,140.6,1
201408,101,2,2,254.42,1
201408,101,2,3,274.47,1
201408,101,3,1,19.03,1
201408,101,3,2,29.13,1
201408,101,3,3,50.27,1
201409,101,1,1,530.72,1
201409,101,1,2,356.86,1
201409,101,1,3,27.4,1
201409,101,2,1,209.67,1
201409,101,2,2,379.4,1
201409,101,2,3,409.3,1
201409,101,3,1,28.38,1
201409,101,3,2,43.45,1
201409,101,3,3,74.96,1
201410,101,1,1,566.62,1
201410,101,1,2,381.01,1
201410,101,1,3,29.25,1
201410,101,2,1,223.86,1
201410,101,2,2,405.07,1
201410,101,2,3,436.99,1
201410,101,3,1,30.3,1
201410,101,3,2,46.38,1
201410,101,3,3,80.03,1
201411,101,1,1,425.09,1
201411,101,1,2,285.84,1
201411,101,1,3,21.95,1
201411,101,2,1,167.94,1
201411,101,2,2,303.9,1
201411,101,2,3,327.84,1
201411,101,3,1,22.73,1
201411,101,3,2,34.8,1
201411,101,3,3,60.04,1
201412,101,1,1,282.27,1
201412,101,1,2,189.8,1
201412,101,1,3,14.58,1
201412,101,2,1,111.52,1
201412,101,2,2,201.8,1
201412,101,2,3,217.69,1
201412,101,3,1,15.11,1
201412,101,3,2,23.12,1
201412,101,3,3,39.87,1
201501,101,1,1,351.79,1
201501,101,1,2,226.58,1
201501,101,1,3,17.88,1
201501,101,2,1,124.23,1
201501,101,2,2,233.39,1
201501,101,2,3,248.59,1
201501,101,3,1,21.48,1
201501,101,3,2,35.82,1
201501,101,3,3,59.72,1
201502,101,1,1,422.61,1
201502,101,1,2,272.2,1
201502,101,1,3,21.48,1
201502,101,2,1,149.24,1
201502,101,2,2,280.37,1
201502,101,2,3,298.64,1
201502,101,3,1,25.8,1
201502,101,3,2,43.03,1
201502,101,3,3,71.75,1
201503,101,1,1,478.63,1
201503,101,1,2,308.28,1
201503,101,1,3,24.33,1
201503,101,2,1,169.03,1
201503,101,2,2,317.54,1
201503,101,2,3,338.22,1
201503,101,3,1,29.22,1
201503,101,3,2,48.74,1
201503,101,3,3,81.26,1
201504,101,1,1,408.68,1
201504,101,1,2,263.22,1
201504,101,1,3,20.77,1
201504,101,2,1,144.32,1
201504,101,2,2,271.13,1
201504,101,2,3,288.79,1
201504,101,3,1,24.95,1
201504,101,3,2,41.62,1
201504,101,3,3,69.38,1
201505,101,1,1,538.13,1
201505,101,1,2,346.6,1
201505,101,1,3,27.35,1
201505,101,2,1,190.04,1
201505,101,2,2,357.02,1
201505,101,2,3,380.27,1
201505,101,3,1,32.85,1
201505,101,3,2,54.8,1
201505,101,3,3,91.36,1
201506,101,1,1,452.21,1
201506,101,1,2,291.26,1
201506,101,1,3,22.98,1
201506,101,2,1,159.7,1
201506,101,2,2,300.02,1
201506,101,2,3,319.56,1
201506,101,3,1,27.61,1
201506,101,3,2,46.05,1
201506,101,3,3,76.77,1
201507,101,1,1,529.42,1
201507,101,1,2,340.99,1
201507,101,1,3,26.91,1
201507,101,2,1,186.96,1
201507,101,2,2,351.24,1
201507,101,2,3,374.12,1
201507,101,3,1,32.32,1
201507,101,3,2,53.91,1
201507,101,3,3,89.88,1
201508,101,1,1,278.64,1
201508,101,1,2,179.47,1
201508,101,1,3,14.16,1
201508,101,2,1,98.4,1
201508,101,2,2,184.86,1
201508,101,2,3,196.9,1
201508,101,3,1,17.01,1
201508,101,3,2,28.37,1
201508,101,3,3,47.31,1
201509,101,1,1,586.31,1
201509,101,1,2,377.63,1
201509,101,1,3,29.8,1
201509,101,2,1,207.06,1
201509,101,2,2,388.98,1
201509,101,2,3,414.32,1
201509,101,3,1,35.8,1
201509,101,3,2,59.71,1
201509,101,3,3,99.54,1
201510,101,1,1,734.34,1
201510,101,1,2,472.98,1
201510,101,1,3,37.32,1
201510,101,2,1,259.33,1
201510,101,2,2,487.19,1
201510,101,2,3,518.92,1
201510,101,3,1,44.83,1
201510,101,3,2,74.78,1
201510,101,3,3,124.67,1
201511,101,1,1,601.11,1
201511,101,1,2,387.17,1
201511,101,1,3,30.55,1
201511,101,2,1,212.28,1
201511,101,2,2,398.8,1
201511,101,2,3,424.78,1
201511,101,3,1,36.7,1
201511,101,3,2,61.21,1
201511,101,3,3,102.05,1
201512,101,1,1,423.18,1
201512,101,1,2,272.58,1
201512,101,1,3,21.51,1
201512,101,2,1,149.46,1
201512,101,2,2,280.76,1
201512,101,2,3,299.06,1
201512,101,3,1,25.85,1
201512,101,3,2,43.1,1
201512,101,3,3,71.85,1
201601,101,1,1,419.13,1
201601,101,1,2,281.8,1
201601,101,1,3,21.66,1
201601,101,2,1,137.85,1
201601,101,2,2,268.79,1
201601,101,2,3,282.55,1
201601,101,3,1,28.31,1
201601,101,3,2,50.07,1
201601,101,3,3,83.39,1
201602,101,1,1,378.38,1
201602,101,1,2,254.41,1
201602,101,1,3,19.55,1
201602,101,2,1,124.45,1
201602,101,2,2,242.65,1
201602,101,2,3,255.08,1
201602,101,3,1,25.56,1
201602,101,3,2,45.2,1
201602,101,3,3,75.28,1
201603,101,1,1,453.14,1
201603,101,1,2,304.67,1
201603,101,1,3,23.41,1
201603,101,2,1,149.04,1
201603,101,2,2,290.6,1
201603,101,2,3,305.48,1
201603,101,3,1,30.61,1
201603,101,3,2,54.13,1
201603,101,3,3,90.15,1
201604,101,1,1,544.14,1
201604,101,1,2,365.85,1
201604,101,1,3,28.12,1
201604,101,2,1,178.97,1
201604,101,2,2,348.95,1
201604,101,2,3,366.82,1
201604,101,3,1,36.75,1
201604,101,3,2,65,1
201604,101,3,3,108.26,1
201605,101,1,1,479.8,1
201605,101,1,2,322.59,1
201605,101,1,3,24.79,1
201605,101,2,1,157.81,1
201605,101,2,2,307.69,1
201605,101,2,3,323.45,1
201605,101,3,1,32.41,1
201605,101,3,2,57.31,1
201605,101,3,3,95.46,1
201606,101,1,1,529.74,1
201606,101,1,2,356.17,1
201606,101,1,3,27.37,1
201606,101,2,1,174.23,1
201606,101,2,2,339.72,1
201606,101,2,3,357.11,1
201606,101,3,1,35.78,1
201606,101,3,2,63.28,1
201606,101,3,3,105.39,1
201607,101,1,1,436.29,1
201607,101,1,2,293.34,1
201607,101,1,3,22.54,1
201607,101,2,1,143.5,1
201607,101,2,2,279.79,1
201607,101,2,3,294.12,1
201607,101,3,1,29.47,1
201607,101,3,2,52.12,1
201607,101,3,3,86.8,1
201608,101,1,1,426.49,1
201608,101,1,2,286.75,1
201608,101,1,3,22.04,1
201608,101,2,1,140.27,1
201608,101,2,2,273.5,1
201608,101,2,3,287.51,1
201608,101,3,1,28.81,1
201608,101,3,2,50.95,1
201608,101,3,3,84.85,1
201609,101,1,1,710.81,1
201609,101,1,2,477.91,1
201609,101,1,3,36.73,1
201609,101,2,1,233.79,1
201609,101,2,2,455.84,1
201609,101,2,3,479.18,1
201609,101,3,1,48.01,1
201609,101,3,2,84.91,1
201609,101,3,3,141.42,1
201610,101,1,1,721.23,1
201610,101,1,2,484.92,1
201610,101,1,3,37.27,1
201610,101,2,1,237.21,1
201610,101,2,2,462.52,1
201610,101,2,3,486.2,1
201610,101,3,1,48.72,1
201610,101,3,2,86.15,1
201610,101,3,3,143.49,1
201611,101,1,1,605.41,1
201611,101,1,2,407.05,1
201611,101,1,3,31.28,1
201611,101,2,1,199.12,1
201611,101,2,2,388.25,1
201611,101,2,3,408.13,1
201611,101,3,1,40.89,1
201611,101,3,2,72.32,1
201611,101,3,3,120.45,1
201612,101,1,1,423.1,1
201612,101,1,2,284.48,1
201612,101,1,3,21.87,1
201612,101,2,1,139.18,1
201612,101,2,2,271.33,1
201612,101,2,3,285.23,1
201612,101,3,1,28.58,1
201612,101,3,2,50.54,1
201612,101,3,3,84.17,1
201701,101,1,1,429.05,1
201701,101,1,2,276.34,1
201701,101,1,3,21.78,1
201701,101,2,1,116,1
201701,101,2,2,257.65,1
201701,101,2,3,270.52,1
201701,101,3,1,37.47,1
201701,101,3,2,60.26,1
201701,101,3,3,103.89,1
201702,101,1,1,350.72,1
201702,101,1,2,225.88,1
201702,101,1,3,17.81,1
201702,101,2,1,94.82,1
201702,101,2,2,210.61,1
201702,101,2,3,221.13,1
201702,101,3,1,30.63,1
201702,101,3,2,49.26,1
201702,101,3,3,84.92,1
201703,101,1,1,524.94,1
201703,101,1,2,338.09,1
201703,101,1,3,26.65,1
201703,101,2,1,141.92,1
201703,101,2,2,315.23,1
201703,101,2,3,330.98,1
201703,101,3,1,45.84,1
201703,101,3,2,73.73,1
201703,101,3,3,127.11,1
201704,101,1,1,566.87,1
201704,101,1,2,365.1,1
201704,101,1,3,28.78,1
201704,101,2,1,153.26,1
201704,101,2,2,340.41,1
201704,101,2,3,357.42,1
201704,101,3,1,49.5,1
201704,101,3,2,79.62,1
201704,101,3,3,137.26,1
201705,101,1,1,643.57,1
201705,101,1,2,414.5,1
201705,101,1,3,32.68,1
201705,101,2,1,174,1
201705,101,2,2,386.48,1
201705,101,2,3,405.79,1
201705,101,3,1,56.2,1
201705,101,3,2,90.39,1
201705,101,3,3,155.83,1
201706,101,1,1,623.75,1
201706,101,1,2,401.73,1
201706,101,1,3,31.67,1
201706,101,2,1,168.64,1
201706,101,2,2,374.57,1
201706,101,2,3,393.29,1
201706,101,3,1,54.47,1
201706,101,3,2,87.6,1
201706,101,3,3,151.03,1
201707,101,1,1,520.06,1
201707,101,1,2,334.95,1
201707,101,1,3,26.4,1
201707,101,2,1,140.6,1
201707,101,2,2,312.3,1
201707,101,2,3,327.91,1
201707,101,3,1,45.42,1
201707,101,3,2,73.04,1
201707,101,3,3,125.92,1
201708,101,1,1,362.74,1
201708,101,1,2,233.63,1
201708,101,1,3,18.42,1
201708,101,2,1,98.07,1
201708,101,2,2,217.83,1
201708,101,2,3,228.72,1
201708,101,3,1,31.68,1
201708,101,3,2,50.95,1
201708,101,3,3,87.83,1
201709,101,1,1,546.06,1
201709,101,1,2,351.7,1
201709,101,1,3,27.73,1
201709,101,2,1,147.64,1
201709,101,2,2,327.92,1
201709,101,2,3,344.3,1
201709,101,3,1,47.69,1
201709,101,3,2,76.69,1
201709,101,3,3,132.22,1
201710,101,1,1,786.59,1
201710,101,1,2,506.62,1
201710,101,1,3,39.94,1
201710,101,2,1,212.66,1
201710,101,2,2,472.36,1
201710,101,2,3,495.96,1
201710,101,3,1,68.69,1
201710,101,3,2,110.48,1
201710,101,3,3,190.46,1
201711,101,1,1,679.33,1
201711,101,1,2,437.53,1
201711,101,1,3,34.49,1
201711,101,2,1,183.67,1
201711,101,2,2,407.95,1
201711,101,2,3,428.33,1
201711,101,3,1,59.33,1
201711,101,3,2,95.41,1
201711,101,3,3,164.49,1
201712,101,1,1,467.07,1
201712,101,1,2,300.84,1
201712,101,1,3,23.71,1
201712,101,2,1,126.28,1
201712,101,2,2,280.49,1
201712,101,2,3,294.51,1
201712,101,3,1,40.79,1
201712,101,3,2,65.59,1
201712,101,3,3,113.1,1
201801,101,1,1,347.01,1
201801,101,1,2,233.32,1
201801,101,1,3,17.95,1
201801,101,2,1,87.3,1
201801,101,2,2,194.03,1
201801,101,2,3,203.74,1
201801,101,3,1,38.38,1
201801,101,3,2,58.6,1
201801,101,3,3,101.04,1
201802,101,1,1,350.59,1
201802,101,1,2,235.72,1
201802,101,1,3,18.13,1
201802,101,2,1,88.2,1
201802,101,2,2,196.03,1
201802,101,2,3,205.83,1
201802,101,3,1,38.77,1
201802,101,3,2,59.21,1
201802,101,3,3,102.08,1
201803,101,1,1,535.79,1
201803,101,1,2,360.25,1
201803,101,1,3,27.71,1
201803,101,2,1,134.8,1
201803,101,2,2,299.58,1
201803,101,2,3,314.57,1
201803,101,3,1,59.25,1
201803,101,3,2,90.48,1
201803,101,3,3,156,1
201804,101,1,1,462.69,1
201804,101,1,2,311.1,1
201804,101,1,3,23.93,1
201804,101,2,1,116.4,1
201804,101,2,2,258.71,1
201804,101,2,3,271.65,1
201804,101,3,1,51.17,1
201804,101,3,2,78.14,1
201804,101,3,3,134.72,1
201805,101,1,1,608.25,1
201805,101,1,2,408.97,1
201805,101,1,3,31.46,1
201805,101,2,1,153.02,1
201805,101,2,2,340.1,1
201805,101,2,3,357.11,1
201805,101,3,1,67.27,1
201805,101,3,2,102.72,1
201805,101,3,3,177.1,1
201806,101,1,1,703.78,1
201806,101,1,2,473.2,1
201806,101,1,3,36.4,1
201806,101,2,1,177.06,1
201806,101,2,2,393.51,1
201806,101,2,3,413.19,1
201806,101,3,1,77.83,1
201806,101,3,2,118.85,1
201806,101,3,3,204.91,1
201807,101,1,1,447.09,1
201807,101,1,2,300.61,1
201807,101,1,3,23.12,1
201807,101,2,1,112.48,1
201807,101,2,2,249.99,1
201807,101,2,3,262.49,1
201807,101,3,1,49.44,1
201807,101,3,2,75.5,1
201807,101,3,3,130.17,1
201808,101,1,1,467.88,1
201808,101,1,2,314.59,1
201808,101,1,3,24.2,1
201808,101,2,1,117.71,1
201808,101,2,2,261.61,1
201808,101,2,3,274.7,1
201808,101,3,1,51.74,1
201808,101,3,2,79.01,1
201808,101,3,3,136.23,1
201809,101,1,1,714.82,1
201809,101,1,2,480.63,1
201809,101,1,3,36.97,1
201809,101,2,1,179.84,1
201809,101,2,2,399.69,1
201809,101,2,3,419.68,1
201809,101,3,1,79.05,1
201809,101,3,2,120.72,1
201809,101,3,3,208.13,1
201810,101,1,1,621.9,1
201810,101,1,2,418.14,1
201810,101,1,3,32.16,1
201810,101,2,1,156.46,1
201810,101,2,2,347.73,1
201810,101,2,3,365.12,1
201810,101,3,1,68.77,1
201810,101,3,2,105.02,1
201810,101,3,3,181.07,1
201811,101,1,1,703.78,1
201811,101,1,2,473.2,1
201811,101,1,3,36.4,1
201811,101,2,1,177.06,1
201811,101,2,2,393.51,1
201811,101,2,3,413.19,1
201811,101,3,1,77.83,1
201811,101,3,2,118.85,1
201811,101,3,3,204.91,1
201812,101,1,1,534.82,1
201812,101,1,2,359.59,1
201812,101,1,3,27.65,1
201812,101,2,1,134.55,1
201812,101,2,2,299.03,1
201812,101,2,3,314.01,1
201812,101,3,1,59.15,1
201812,101,3,2,90.31,1
201812,101,3,3,155.71,1
201901,101,1,1,408.34,1
201901,101,1,2,274.58,1
201901,101,1,3,21.14,1
201901,101,2,1,102.09,1
201901,101,2,2,209.58,1
201901,101,2,3,225.69,1
201901,101,3,1,53.39,1
201901,101,3,2,85.99,1
201901,101,3,3,148.21,1
201902,101,1,1,466.71,1
201902,101,1,2,313.84,1
201902,101,1,3,24.16,1
201902,101,2,1,116.69,1
201902,101,2,2,239.55,1
201902,101,2,3,257.96,1
201902,101,3,1,61.02,1
201902,101,3,2,98.28,1
201902,101,3,3,169.4,1
201903,101,1,1,514.79,1
201903,101,1,2,346.17,1
201903,101,1,3,26.65,1
201903,101,2,1,128.71,1
201903,101,2,2,264.22,1
201903,101,2,3,284.53,1
201903,101,3,1,67.31,1
201903,101,3,2,108.41,1
201903,101,3,3,186.85,1
201904,101,1,1,564.43,1
201904,101,1,2,379.55,1
201904,101,1,3,29.22,1
201904,101,2,1,141.12,1
201904,101,2,2,289.7,1
201904,101,2,3,311.97,1
201904,101,3,1,73.8,1
201904,101,3,2,118.86,1
201904,101,3,3,204.87,1
201905,101,1,1,516.98,1
201905,101,1,2,347.64,1
201905,101,1,3,26.77,1
201905,101,2,1,129.25,1
201905,101,2,2,265.34,1
201905,101,2,3,285.74,1
201905,101,3,1,67.59,1
201905,101,3,2,108.87,1
201905,101,3,3,187.64,1
201906,101,1,1,676.19,1
201906,101,1,2,454.7,1
201906,101,1,3,35.01,1
201906,101,2,1,169.06,1
201906,101,2,2,347.06,1
201906,101,2,3,373.74,1
201906,101,3,1,88.41,1
201906,101,3,2,142.4,1
201906,101,3,3,245.43,1
201907,101,1,1,574.42,1
201907,101,1,2,386.26,1
201907,101,1,3,29.74,1
201907,101,2,1,143.61,1
201907,101,2,2,294.83,1
201907,101,2,3,317.49,1
201907,101,3,1,75.11,1
201907,101,3,2,120.97,1
201907,101,3,3,208.49,1
201908,101,1,1,385.86,1
201908,101,1,2,259.47,1
201908,101,1,3,19.98,1
201908,101,2,1,96.47,1
201908,101,2,2,198.05,1
201908,101,2,3,213.27,1
201908,101,3,1,50.45,1
201908,101,3,2,81.26,1
201908,101,3,3,140.05,1
201909,101,1,1,630.61,1
201909,101,1,2,424.05,1
201909,101,1,3,32.65,1
201909,101,2,1,157.66,1
201909,101,2,2,323.67,1
201909,101,2,3,348.55,1
201909,101,3,1,82.45,1
201909,101,3,2,132.8,1
201909,101,3,3,228.89,1
201910,101,1,1,673.07,1
201910,101,1,2,452.6,1
201910,101,1,3,34.85,1
201910,101,2,1,168.28,1
201910,101,2,2,345.46,1
201910,101,2,3,372.01,1
201910,101,3,1,88,1
201910,101,3,2,141.74,1
201910,101,3,3,244.3,1
201911,101,1,1,551.63,1
201911,101,1,2,370.94,1
201911,101,1,3,28.56,1
201911,101,2,1,137.92,1
201911,101,2,2,283.13,1
201911,101,2,3,304.89,1
201911,101,3,1,72.13,1
201911,101,3,2,116.17,1
201911,101,3,3,200.22,1
201912,101,1,1,280.64,1
201912,101,1,2,188.72,1
201912,101,1,3,14.54,1
201912,101,2,1,70.15,1
201912,101,2,2,144.05,1
201912,101,2,3,155.13,1
201912,101,3,1,36.7,1
201912,101,3,2,59.09,1
201912,101,3,3,101.87,1
202001,101,1,1,430.61,1
202001,101,1,2,277.35,1
202001,101,1,3,21.87,1
202001,101,2,1,95.52,1
202001,101,2,2,207.02,1
202001,101,2,3,228.19,1
202001,101,3,1,64.77,1
202001,101,3,2,104.46,1
202001,101,3,3,180.05,1
202002,101,1,1,462.22,1
202002,101,1,2,297.71,1
202002,101,1,3,23.47,1
202002,101,2,1,102.53,1
202002,101,2,2,222.21,1
202002,101,2,3,244.94,1
202002,101,3,1,69.53,1
202002,101,3,2,112.13,1
202002,101,3,3,193.26,1
202003,101,1,1,453.33,1
202003,101,1,2,291.99,1
202003,101,1,3,23.02,1
202003,101,2,1,100.56,1
202003,101,2,2,217.94,1
202003,101,2,3,240.23,1
202003,101,3,1,68.19,1
202003,101,3,2,109.97,1
202003,101,3,3,189.55,1
202004,101,1,1,426.66,1
202004,101,1,2,274.81,1
202004,101,1,3,21.67,1
202004,101,2,1,94.64,1
202004,101,2,2,205.12,1
202004,101,2,3,226.1,1
202004,101,3,1,64.18,1
202004,101,3,2,103.5,1
202004,101,3,3,178.4,1
202005,101,1,1,527.4,1
202005,101,1,2,339.7,1
202005,101,1,3,26.78,1
202005,101,2,1,116.99,1
202005,101,2,2,253.55,1
202005,101,2,3,279.48,1
202005,101,3,1,79.33,1
202005,101,3,2,127.94,1
202005,101,3,3,220.52,1
202006,101,1,1,681.8,1
202006,101,1,2,439.15,1
202006,101,1,3,34.62,1
202006,101,2,1,151.24,1
202006,101,2,2,327.78,1
202006,101,2,3,361.31,1
202006,101,3,1,102.56,1
202006,101,3,2,165.4,1
202006,101,3,3,285.08,1
202007,101,1,1,532.01,1
202007,101,1,2,342.66,1
202007,101,1,3,27.02,1
202007,101,2,1,118.01,1
202007,101,2,2,255.77,1
202007,101,2,3,281.93,1
202007,101,3,1,80.03,1
202007,101,3,2,129.06,1
202007,101,3,3,222.44,1
202008,101,1,1,418.76,1
202008,101,1,2,269.72,1
202008,101,1,3,21.27,1
202008,101,2,1,92.89,1
202008,101,2,2,201.32,1
202008,101,2,3,221.91,1
202008,101,3,1,62.99,1
202008,101,3,2,101.59,1
202008,101,3,3,175.09,1
202009,101,1,1,539.91,1
202009,101,1,2,347.75,1
202009,101,1,3,27.42,1
202009,101,2,1,119.77,1
202009,101,2,2,259.56,1
202009,101,2,3,286.11,1
202009,101,3,1,81.22,1
202009,101,3,2,130.98,1
202009,101,3,3,225.75,1
202010,101,1,1,767.73,1
202010,101,1,2,494.49,1
202010,101,1,3,38.99,1
202010,101,2,1,170.3,1
202010,101,2,2,369.09,1
202010,101,2,3,406.84,1
202010,101,3,1,115.48,1
202010,101,3,2,186.24,1
202010,101,3,3,321,1
202011,101,1,1,600.49,1
202011,101,1,2,386.77,1
202011,101,1,3,30.49,1
202011,101,2,1,133.2,1
202011,101,2,2,288.69,1
202011,101,2,3,318.22,1
202011,101,3,1,90.33,1
202011,101,3,2,145.67,1
202011,101,3,3,251.08,1
202012,101,1,1,743.36,1
202012,101,1,2,478.8,1
202012,101,1,3,37.75,1
202012,101,2,1,164.92,1
202012,101,2,2,357.37,1
202012,101,2,3,393.94,1
202012,101,3,1,111.82,1
202012,101,3,2,180.32,1
202012,101,3,3,310.81,1
202101,101,1,1,354.66,1
202101,101,1,2,245.76,1
202101,101,1,3,21.77,1
202101,101,2,1,81.86,1
202101,101,2,2,163.65,1
202101,101,2,3,185.14,1
202101,101,3,1,60.34,1
202101,101,3,2,93.81,1
202101,101,3,3,167.48,1
202102,101,1,1,494.62,1
202102,101,1,2,342.75,1
202102,101,1,3,30.36,1
202102,101,2,1,114.16,1
202102,101,2,2,228.23,1
202102,101,2,3,258.21,1
202102,101,3,1,84.16,1
202102,101,3,2,130.83,1
202102,101,3,3,233.58,1
202103,101,1,1,600.61,1
202103,101,1,2,416.19,1
202103,101,1,3,36.86,1
202103,101,2,1,138.63,1
202103,101,2,2,277.13,1
202103,101,2,3,313.54,1
202103,101,3,1,102.19,1
202103,101,3,2,158.86,1
202103,101,3,3,283.63,1
202104,101,1,1,565.28,1
202104,101,1,2,391.71,1
202104,101,1,3,34.69,1
202104,101,2,1,130.47,1
202104,101,2,2,260.83,1
202104,101,2,3,295.09,1
202104,101,3,1,96.18,1
202104,101,3,2,149.52,1
202104,101,3,3,266.94,1
202105,101,1,1,501.41,1
202105,101,1,2,347.46,1
202105,101,1,3,30.77,1
202105,101,2,1,115.73,1
202105,101,2,2,231.36,1
202105,101,2,3,261.75,1
202105,101,3,1,85.31,1
202105,101,3,2,132.63,1
202105,101,3,3,236.78,1
202106,101,1,1,735.81,1
202106,101,1,2,509.89,1
202106,101,1,3,45.16,1
202106,101,2,1,169.84,1
202106,101,2,2,339.52,1
202106,101,2,3,384.12,1
202106,101,3,1,125.19,1
202106,101,3,2,194.63,1
202106,101,3,3,347.48,1
202107,101,1,1,440.26,1
202107,101,1,2,305.08,1
202107,101,1,3,27.02,1
202107,101,2,1,101.62,1
202107,101,2,2,203.15,1
202107,101,2,3,229.83,1
202107,101,3,1,74.91,1
202107,101,3,2,116.45,1
202107,101,3,3,207.91,1
202108,101,1,1,334.27,1
202108,101,1,2,231.64,1
202108,101,1,3,20.52,1
202108,101,2,1,77.16,1
202108,101,2,2,154.24,1
202108,101,2,3,174.5,1
202108,101,3,1,56.88,1
202108,101,3,2,88.42,1
202108,101,3,3,157.86,1
202109,101,1,1,808.51,1
202109,101,1,2,560.26,1
202109,101,1,3,49.62,1
202109,101,2,1,186.62,1
202109,101,2,2,373.06,1
202109,101,2,3,422.07,1
202109,101,3,1,137.56,1
202109,101,3,2,213.86,1
202109,101,3,3,381.81,1
202110,101,1,1,709.99,1
202110,101,1,2,491.99,1
202110,101,1,3,43.58,1
202110,101,2,1,163.88,1
202110,101,2,2,327.61,1
202110,101,2,3,370.64,1
202110,101,3,1,120.8,1
202110,101,3,2,187.8,1
202110,101,3,3,335.28,1
202111,101,1,1,748.72,1
202111,101,1,2,518.83,1
202111,101,1,3,45.95,1
202111,101,2,1,172.82,1
202111,101,2,2,345.48,1
202111,101,2,3,390.86,1
202111,101,3,1,127.39,1
202111,101,3,2,198.04,1
202111,101,3,3,353.57,1
202112,101,1,1,500.05,1
202112,101,1,2,346.52,1
202112,101,1,3,30.7,1
202112,101,2,1,115.41,1
202112,101,2,2,230.73,1
202112,101,2,3,261.04,1
202112,101,3,1,85.09,1
202112,101,3,2,132.26,1
202112,101,3,3,236.14,1
202201,101,1,1,513.13,1
202201,101,1,2,348.03,1
202201,101,1,3,31.22,1
202201,101,2,1,105.7,1
202201,101,2,2,223.21,1
202201,101,2,3,258.5,1
202201,101,3,1,88.27,1
202201,101,3,2,145.48,1
202201,101,3,3,259.77,1
202202,101,1,1,457.5,1
202202,101,1,2,310.3,1
202202,101,1,3,27.83,1
202202,101,2,1,94.24,1
202202,101,2,2,199.01,1
202202,101,2,3,230.48,1
202202,101,3,1,78.7,1
202202,101,3,2,129.71,1
202202,101,3,3,231.61,1
202203,101,1,1,591.84,1
202203,101,1,2,401.42,1
202203,101,1,3,36,1
202203,101,2,1,121.91,1
202203,101,2,2,257.44,1
202203,101,2,3,298.16,1
202203,101,3,1,101.8,1
202203,101,3,2,167.8,1
202203,101,3,3,299.61,1
202204,101,1,1,647.84,1
202204,101,1,2,439.4,1
202204,101,1,3,39.41,1
202204,101,2,1,133.45,1
202204,101,2,2,281.81,1
202204,101,2,3,326.37,1
202204,101,3,1,111.44,1
202204,101,3,2,183.67,1
202204,101,3,3,327.96,1
202205,101,1,1,640.27,1
202205,101,1,2,434.27,1
202205,101,1,3,38.95,1
202205,101,2,1,131.89,1
202205,101,2,2,278.51,1
202205,101,2,3,322.56,1
202205,101,3,1,110.14,1
202205,101,3,2,181.53,1
202205,101,3,3,324.13,1
202206,101,1,1,625.52,1
202206,101,1,2,424.26,1
202206,101,1,3,38.05,1
202206,101,2,1,128.85,1
202206,101,2,2,272.09,1
202206,101,2,3,315.12,1
202206,101,3,1,107.6,1
202206,101,3,2,177.34,1
202206,101,3,3,316.66,1
202207,101,1,1,532.81,1
202207,101,1,2,361.38,1
202207,101,1,3,32.41,1
202207,101,2,1,109.75,1
202207,101,2,2,231.77,1
202207,101,2,3,268.42,1
202207,101,3,1,91.65,1
202207,101,3,2,151.06,1
202207,101,3,3,269.73,1
202208,101,1,1,458.64,1
202208,101,1,2,311.07,1
202208,101,1,3,27.9,1
202208,101,2,1,94.47,1
202208,101,2,2,199.5,1
202208,101,2,3,231.05,1
202208,101,3,1,78.89,1
202208,101,3,2,130.03,1
202208,101,3,3,232.18,1
202209,101,1,1,635.73,1
202209,101,1,2,431.19,1
202209,101,1,3,38.67,1
202209,101,2,1,130.95,1
202209,101,2,2,276.54,1
202209,101,2,3,320.27,1
202209,101,3,1,109.36,1
202209,101,3,2,180.24,1
202209,101,3,3,321.83,1
202210,101,1,1,807.53,1
202210,101,1,2,547.72,1
202210,101,1,3,49.13,1
202210,101,2,1,166.34,1
202210,101,2,2,351.27,1
202210,101,2,3,406.82,1
202210,101,3,1,138.91,1
202210,101,3,2,228.95,1
202210,101,3,3,408.81,1
202211,101,1,1,740.55,1
202211,101,1,2,502.29,1
202211,101,1,3,45.05,1
202211,101,2,1,152.54,1
202211,101,2,2,322.13,1
202211,101,2,3,373.08,1
202211,101,3,1,127.39,1
202211,101,3,2,209.96,1
202211,101,3,3,374.9,1
202212,101,1,1,916.9,1
202212,101,1,2,621.9,1
202212,101,1,3,55.79,1
202212,101,2,1,188.86,1
202212,101,2,2,398.85,1
202212,101,2,3,461.92,1
202212,101,3,1,157.7,1
202212,101,3,2,259.96,1
202212,101,3,3,464.17,1
202301,101,1,1,556.96,1
202301,101,1,2,369.76,1
202301,101,1,3,33.61,1
202301,101,2,1,104.14,1
202301,101,2,2,238.76,1
202301,101,2,3,269.4,1
202301,101,3,1,103.71,1
202301,101,3,2,155.61,1
202301,101,3,3,288.22,1
202302,101,1,1,477.45,1
202302,101,1,2,316.97,1
202302,101,1,3,28.81,1
202302,101,2,1,89.27,1
202302,101,2,2,204.68,1
202302,101,2,3,230.94,1
202302,101,3,1,88.9,1
202302,101,3,2,133.4,1
202302,101,3,3,247.07,1
202303,101,1,1,644.94,1
202303,101,1,2,428.17,1
202303,101,1,3,38.92,1
202303,101,2,1,120.59,1
202303,101,2,2,276.48,1
202303,101,2,3,311.96,1
202303,101,3,1,120.09,1
202303,101,3,2,180.2,1
202303,101,3,3,333.75,1
202304,101,1,1,658.66,1
202304,101,1,2,437.28,1
202304,101,1,3,39.75,1
202304,101,2,1,123.15,1
202304,101,2,2,282.36,1
202304,101,2,3,318.59,1
202304,101,3,1,122.65,1
202304,101,3,2,184.03,1
202304,101,3,3,340.85,1
202305,101,1,1,740.99,1
202305,101,1,2,491.94,1
202305,101,1,3,44.72,1
202305,101,2,1,138.55,1
202305,101,2,2,317.65,1
202305,101,2,3,358.42,1
202305,101,3,1,137.98,1
202305,101,3,2,207.03,1
202305,101,3,3,383.45,1
202306,101,1,1,920.19,1
202306,101,1,2,610.91,1
202306,101,1,3,55.53,1
202306,101,2,1,172.05,1
202306,101,2,2,394.47,1
202306,101,2,3,445.09,1
202306,101,3,1,171.34,1
202306,101,3,2,257.1,1
202306,101,3,3,476.18,1
202307,101,1,1,678.03,1
202307,101,1,2,450.14,1
202307,101,1,3,40.92,1
202307,101,2,1,126.77,1
202307,101,2,2,290.66,1
202307,101,2,3,327.96,1
202307,101,3,1,126.25,1
202307,101,3,2,189.44,1
202307,101,3,3,350.87,1
202308,101,1,1,542.43,1
202308,101,1,2,360.11,1
202308,101,1,3,32.74,1
202308,101,2,1,101.42,1
202308,101,2,2,232.53,1
202308,101,2,3,262.37,1
202308,101,3,1,101,1
202308,101,3,2,151.55,1
202308,101,3,3,280.7,1
202309,101,1,1,944.4,1
202309,101,1,2,626.98,1
202309,101,1,3,56.99,1
202309,101,2,1,176.58,1
202309,101,2,2,404.85,1
202309,101,2,3,456.81,1
202309,101,3,1,175.85,1
202309,101,3,2,263.87,1
202309,101,3,3,488.71,1
202310,101,1,1,736.96,1
202310,101,1,2,489.26,1
202310,101,1,3,44.47,1
202310,101,2,1,137.79,1
202310,101,2,2,315.92,1
202310,101,2,3,356.47,1
202310,101,3,1,137.23,1
202310,101,3,2,205.91,1
202310,101,3,3,381.36,1
202311,101,1,1,705.48,1
202311,101,1,2,468.36,1
202311,101,1,3,42.58,1
202311,101,2,1,131.9,1
202311,101,2,2,302.43,1
202311,101,2,3,341.24,1
202311,101,3,1,131.36,1
202311,101,3,2,197.11,1
202311,101,3,3,365.07,1
202312,101,1,1,465.33,1
202312,101,1,2,308.95,1
202312,101,1,3,28.09,1
202312,101,2,1,87,1
202312,101,2,2,199.49,1
202312,101,2,3,225.08,1
202312,101,3,1,86.66,1
202312,101,3,2,130.03,1
202312,101,3,3,240.81,1
202401,101,1,1,464.13,1
202401,101,1,2,304.08,1
202401,101,1,3,32.06,1
202401,101,2,1,81.61,1
202401,101,2,2,182.48,1
202401,101,2,3,216.07,1
202401,101,3,1,84.68,1
202401,101,3,2,139.4,1
202401,101,3,3,248.94,1
202402,101,1,1,541.48,1
202402,101,1,2,354.76,1
202402,101,1,3,37.4,1
202402,101,2,1,95.21,1
202402,101,2,2,212.89,1
202402,101,2,3,252.08,1
202402,101,3,1,98.79,1
202402,101,3,2,162.63,1
202402,101,3,3,290.43,1
202403,101,1,1,643.06,1
202403,101,1,2,421.31,1
202403,101,1,3,44.41,1
202403,101,2,1,113.07,1
202403,101,2,2,252.83,1
202403,101,2,3,299.37,1
202403,101,3,1,117.33,1
202403,101,3,2,193.14,1
202403,101,3,3,344.91,1
202404,101,1,1,666.44,1
202404,101,1,2,436.63,1
202404,101,1,3,46.03,1
202404,101,2,1,117.18,1
202404,101,2,2,262.02,1
202404,101,2,3,310.25,1
202404,101,3,1,121.59,1
202404,101,3,2,200.17,1
202404,101,3,3,357.45,1
202405,101,1,1,765.05,1
202405,101,1,2,501.23,1
202405,101,1,3,52.84,1
202405,101,2,1,134.52,1
202405,101,2,2,300.79,1
202405,101,2,3,356.16,1
202405,101,3,1,139.58,1
202405,101,3,2,229.78,1
202405,101,3,3,410.34,1
202406,101,1,1,783.32,1
202406,101,1,2,513.21,1
202406,101,1,3,54.1,1
202406,101,2,1,137.74,1
202406,101,2,2,307.97,1
202406,101,2,3,364.67,1
202406,101,3,1,142.92,1
202406,101,3,2,235.27,1
202406,101,3,3,420.14,1
202407,101,1,1,714.04,1
202407,101,1,2,467.82,1
202407,101,1,3,49.32,1
202407,101,2,1,125.55,1
202407,101,2,2,280.74,1
202407,101,2,3,332.42,1
202407,101,3,1,130.28,1
202407,101,3,2,214.46,1
202407,101,3,3,382.98,1
202408,101,1,1,448.83,1
202408,101,1,2,294.06,1
202408,101,1,3,31,1
202408,101,2,1,78.92,1
202408,101,2,2,176.46,1
202408,101,2,3,208.95,1
202408,101,3,1,81.89,1
202408,101,3,2,134.81,1
202408,101,3,3,240.73,1
202409,101,1,1,969.06,1
202409,101,1,2,634.89,1
202409,101,1,3,66.93,1
202409,101,2,1,170.39,1
202409,101,2,2,381,1
202409,101,2,3,451.14,1
202409,101,3,1,176.81,1
202409,101,3,2,291.06,1
202409,101,3,3,519.76,1
202410,101,1,1,850.9,1
202410,101,1,2,557.48,1
202410,101,1,3,58.77,1
202410,101,2,1,149.62,1
202410,101,2,2,334.54,1
202410,101,2,3,396.13,1
202410,101,3,1,155.25,1
202410,101,3,2,255.57,1
202410,101,3,3,456.39,1
202411,101,1,1,872.15,1
202411,101,1,2,571.4,1
202411,101,1,3,60.24,1
202411,101,2,1,153.36,1
202411,101,2,2,342.9,1
202411,101,2,3,406.02,1
202411,101,3,1,159.13,1
202411,101,3,2,261.95,1
202411,101,3,3,467.78,1
202412,101,1,1,782.05,1
202412,101,1,2,512.37,1
202412,101,1,3,54,1
202412,101,2,1,137.52,1
202412,101,2,2,307.47,1
202412,101,2,3,364.07,1
202412,101,3,1,142.69,1
202412,101,3,2,234.89,1
202412,101,3,3,419.45,1
