DateKey,ChannelKey,ProductKey,Price,Units,ScenarioKey
201001,1,1,1616,147,1
201001,1,2,591.6,265,1
201001,1,3,1224,7,1
201001,2,1,1858.4,53,1
201001,2,2,709.92,309,1
201001,2,3,1346.4,151,1
201001,3,1,1696.8,3,1
201001,3,2,650.76,14,1
201001,3,3,1248.48,12,1
201002,1,1,1616,159,1
201002,1,2,591.6,287,1
201002,1,3,1224,7,1
201002,2,1,1858.4,58,1
201002,2,2,709.92,335,1
201002,2,3,1346.4,164,1
201002,3,1,1696.8,4,1
201002,3,2,650.76,16,1
201002,3,3,1248.48,13,1
201003,1,1,1616,208,1
201003,1,2,591.6,375,1
201003,1,3,1224,9,1
201003,2,1,1858.4,76,1
201003,2,2,709.92,438,1
201003,2,3,1346.4,214,1
201003,3,1,1696.8,5,1
201003,3,2,650.76,20,1
201003,3,3,1248.48,17,1
201004,1,1,1616,196,1
201004,1,2,591.6,353,1
201004,1,3,1224,9,1
201004,2,1,1858.4,71,1
201004,2,2,709.92,412,1
201004,2,3,1346.4,202,1
201004,3,1,1696.8,4,1
201004,3,2,650.76,19,1
201004,3,3,1248.48,16,1
201005,1,1,1616,220,1
201005,1,2,591.6,397,1
201005,1,3,1224,10,1
201005,2,1,1858.4,80,1
201005,2,2,709.92,463,1
201005,2,3,1346.4,227,1
201005,3,1,1696.8,5,1
201005,3,2,650.76,22,1
201005,3,3,1248.48,18,1
201006,1,1,1616,232,1
201006,1,2,591.6,419,1
201006,1,3,1224,10,1
201006,2,1,1858.4,85,1
201006,2,2,709.92,489,1
201006,2,3,1346.4,239,1
201006,3,1,1696.8,5,1
201006,3,2,650.76,23,1
201006,3,3,1248.48,19,1
201007,1,1,1616,196,1
201007,1,2,591.6,353,1
201007,1,3,1224,9,1
201007,2,1,1858.4,71,1
201007,2,2,709.92,412,1
201007,2,3,1346.4,202,1
201007,3,1,1696.8,4,1
201007,3,2,650.76,19,1
201007,3,3,1248.48,16,1
201008,1,1,1616,147,1
201008,1,2,591.6,265,1
201008,1,3,1224,7,1
201008,2,1,1858.4,53,1
201008,2,2,709.92,309,1
201008,2,3,1346.4,151,1
201008,3,1,1696.8,3,1
201008,3,2,650.76,14,1
201008,3,3,1248.48,12,1
201009,1,1,1616,245,1
201009,1,2,591.6,441,1
201009,1,3,1224,11,1
201009,2,1,1858.4,89,1
201009,2,2,709.92,515,1
201009,2,3,1346.4,252,1
201009,3,1,1696.8,6,1
201009,3,2,650.76,24,1
201009,3,3,1248.48,20,1
201010,1,1,1616,269,1
201010,1,2,591.6,486,1
201010,1,3,1224,12,1
201010,2,1,1858.4,98,1
201010,2,2,709.92,566,1
201010,2,3,1346.4,277,1
201010,3,1,1696.8,6,1
201010,3,2,650.76,26,1
201010,3,3,1248.48,22,1
201011,1,1,1616,232,1
201011,1,2,591.6,419,1
201011,1,3,1224,10,1
201011,2,1,1858.4,85,1
201011,2,2,709.92,489,1
201011,2,3,1346.4,239,1
201011,3,1,1696.8,5,1
201011,3,2,650.76,23,1
201011,3,3,1248.48,19,1
201012,1,1,1616,194,1
201012,1,2,591.6,354,1
201012,1,3,1224,8,1
201012,2,1,1858.4,71,1
201012,2,2,709.92,412,1
201012,2,3,1346.4,203,1
201012,3,1,1696.8,6,1
201012,3,2,650.76,19,1
201012,3,3,1248.48,17,1
201101,1,1,1632.16,155,1
201101,1,2,603.43,265,1
201101,1,3,1260.72,7,1
201101,2,1,1876.98,59,1
201101,2,2,724.12,292,1
201101,2,3,1386.79,149,1
201101,3,1,1713.77,5,1
201101,3,2,663.78,17,1
201101,3,3,1285.93,15,1
201102,1,1,1632.16,206,1
201102,1,2,603.43,353,1
201102,1,3,1260.72,9,1
201102,2,1,1876.98,79,1
201102,2,2,724.12,389,1
201102,2,3,1386.79,198,1
201102,3,1,1713.77,6,1
201102,3,2,663.78,23,1
201102,3,3,1285.93,20,1
201103,1,1,1632.16,181,1
201103,1,2,603.43,310,1
201103,1,3,1260.72,8,1
201103,2,1,1876.98,69,1
201103,2,2,724.12,342,1
201103,2,3,1386.79,174,1
201103,3,1,1713.77,6,1
201103,3,2,663.78,20,1
201103,3,3,1285.93,18,1
201104,1,1,1632.16,243,1
201104,1,2,603.43,416,1
201104,1,3,1260.72,10,1
201104,2,1,1876.98,93,1
201104,2,2,724.12,458,1
201104,2,3,1386.79,233,1
201104,3,1,1713.77,8,1
201104,3,2,663.78,27,1
201104,3,3,1285.93,24,1
201105,1,1,1632.16,285,1
201105,1,2,603.43,488,1
201105,1,3,1260.72,12,1
201105,2,1,1876.98,109,1
201105,2,2,724.12,538,1
201105,2,3,1386.79,274,1
201105,3,1,1713.77,9,1
201105,3,2,663.78,31,1
201105,3,3,1285.93,28,1
201106,1,1,1632.16,225,1
201106,1,2,603.43,386,1
201106,1,3,1260.72,10,1
201106,2,1,1876.98,86,1
201106,2,2,724.12,425,1
201106,2,3,1386.79,216,1
201106,3,1,1713.77,7,1
201106,3,2,663.78,25,1
201106,3,3,1285.93,22,1
201107,1,1,1632.16,256,1
201107,1,2,603.43,438,1
201107,1,3,1260.72,11,1
201107,2,1,1876.98,98,1
201107,2,2,724.12,482,1
201107,2,3,1386.79,246,1
201107,3,1,1713.77,8,1
201107,3,2,663.78,28,1
201107,3,3,1285.93,25,1
201108,1,1,1632.16,129,1
201108,1,2,603.43,222,1
201108,1,3,1260.72,6,1
201108,2,1,1876.98,49,1
201108,2,2,724.12,244,1
201108,2,3,1386.79,124,1
201108,3,1,1713.77,4,1
201108,3,2,663.78,14,1
201108,3,3,1285.93,13,1
201109,1,1,1632.16,248,1
201109,1,2,603.43,424,1
201109,1,3,1260.72,11,1
201109,2,1,1876.98,95,1
201109,2,2,724.12,467,1
201109,2,3,1386.79,238,1
201109,3,1,1713.77,8,1
201109,3,2,663.78,27,1
201109,3,3,1285.93,24,1
201110,1,1,1632.16,246,1
201110,1,2,603.43,421,1
201110,1,3,1260.72,11,1
201110,2,1,1876.98,94,1
201110,2,2,724.12,464,1
201110,2,3,1386.79,236,1
201110,3,1,1713.77,8,1
201110,3,2,663.78,27,1
201110,3,3,1285.93,24,1
201111,1,1,1632.16,250,1
201111,1,2,603.43,429,1
201111,1,3,1260.72,11,1
201111,2,1,1876.98,96,1
201111,2,2,724.12,473,1
201111,2,3,1386.79,241,1
201111,3,1,1713.77,8,1
201111,3,2,663.78,28,1
201111,3,3,1285.93,25,1
201112,1,1,1632.16,238,1
201112,1,2,603.43,409,1
201112,1,3,1260.72,9,1
201112,2,1,1876.98,91,1
201112,2,2,724.12,451,1
201112,2,3,1386.79,229,1
201112,3,1,1713.77,6,1
201112,3,2,663.78,27,1
201112,3,3,1285.93,24,1
201201,1,1,1664.8,152,1
201201,1,2,615.5,268,1
201201,1,3,1298.54,8,1
201201,2,1,1914.52,57,1
201201,2,2,738.6,268,1
201201,2,3,1428.4,150,1
201201,3,1,1748.04,5,1
201201,3,2,677.05,21,1
201201,3,3,1324.51,18,1
201202,1,1,1664.8,193,1
201202,1,2,615.5,340,1
201202,1,3,1298.54,10,1
201202,2,1,1914.52,73,1
201202,2,2,738.6,341,1
201202,2,3,1428.4,190,1
201202,3,1,1748.04,6,1
201202,3,2,677.05,26,1
201202,3,3,1324.51,22,1
201203,1,1,1664.8,255,1
201203,1,2,615.5,449,1
201203,1,3,1298.54,14,1
201203,2,1,1914.52,96,1
201203,2,2,738.6,450,1
201203,2,3,1428.4,251,1
201203,3,1,1748.04,9,1
201203,3,2,677.05,35,1
201203,3,3,1324.51,29,1
201204,1,1,1664.8,224,1
201204,1,2,615.5,396,1
201204,1,3,1298.54,12,1
201204,2,1,1914.52,85,1
201204,2,2,738.6,396,1
201204,2,3,1428.4,221,1
201204,3,1,1748.04,7,1
201204,3,2,677.05,30,1
201204,3,3,1324.51,26,1
201205,1,1,1664.8,243,1
201205,1,2,615.5,428,1
201205,1,3,1298.54,13,1
201205,2,1,1914.52,91,1
201205,2,2,738.6,429,1
201205,2,3,1428.4,239,1
201205,3,1,1748.04,8,1
201205,3,2,677.05,33,1
201205,3,3,1324.51,28,1
201206,1,1,1664.8,207,1
201206,1,2,615.5,365,1
201206,1,3,1298.54,11,1
201206,2,1,1914.52,78,1
201206,2,2,738.6,366,1
201206,2,3,1428.4,204,1
201206,3,1,1748.04,7,1
201206,3,2,677.05,28,1
201206,3,3,1324.51,24,1
201207,1,1,1664.8,196,1
201207,1,2,615.5,346,1
201207,1,3,1298.54,11,1
201207,2,1,1914.52,74,1
201207,2,2,738.6,346,1
201207,2,3,1428.4,193,1
201207,3,1,1748.04,7,1
201207,3,2,677.05,27,1
201207,3,3,1324.51,23,1
201208,1,1,1664.8,136,1
201208,1,2,615.5,239,1
201208,1,3,1298.54,7,1
201208,2,1,1914.52,51,1
201208,2,2,738.6,240,1
201208,2,3,1428.4,134,1
201208,3,1,1748.04,5,1
201208,3,2,677.05,18,1
201208,3,3,1324.51,16,1
201209,1,1,1664.8,237,1
201209,1,2,615.5,418,1
201209,1,3,1298.54,13,1
201209,2,1,1914.52,89,1
201209,2,2,738.6,418,1
201209,2,3,1428.4,234,1
201209,3,1,1748.04,8,1
201209,3,2,677.05,32,1
201209,3,3,1324.51,27,1
201210,1,1,1664.8,332,1
201210,1,2,615.5,587,1
201210,1,3,1298.54,18,1
201210,2,1,1914.52,125,1
201210,2,2,738.6,587,1
201210,2,3,1428.4,328,1
201210,3,1,1748.04,11,1
201210,3,2,677.05,45,1
201210,3,3,1324.51,38,1
201211,1,1,1664.8,287,1
201211,1,2,615.5,507,1
201211,1,3,1298.54,16,1
201211,2,1,1914.52,108,1
201211,2,2,738.6,507,1
201211,2,3,1428.4,283,1
201211,3,1,1748.04,10,1
201211,3,2,677.05,39,1
201211,3,3,1324.51,33,1
201212,1,1,1664.8,260,1
201212,1,2,615.5,461,1
201212,1,3,1298.54,15,1
201212,2,1,1914.52,99,1
201212,2,2,738.6,462,1
201212,2,3,1428.4,257,1
201212,3,1,1748.04,8,1
201212,3,2,677.05,36,1
201212,3,3,1324.51,31,1
201301,1,1,1698.1,162,1
201301,1,2,633.97,292,1
201301,1,3,1337.5,11,1
201301,2,1,1952.81,62,1
201301,2,2,760.76,282,1
201301,2,3,1471.25,146,1
201301,3,1,1783,7,1
201301,3,2,697.36,29,1
201301,3,3,1364.25,24,1
201302,1,1,1698.1,148,1
201302,1,2,633.97,267,1
201302,1,3,1337.5,10,1
201302,2,1,1952.81,57,1
201302,2,2,760.76,258,1
201302,2,3,1471.25,133,1
201302,3,1,1783,6,1
201302,3,2,697.36,26,1
201302,3,3,1364.25,22,1
201303,1,1,1698.1,275,1
201303,1,2,633.97,495,1
201303,1,3,1337.5,18,1
201303,2,1,1952.81,105,1
201303,2,2,760.76,478,1
201303,2,3,1471.25,247,1
201303,3,1,1783,11,1
201303,3,2,697.36,48,1
201303,3,3,1364.25,41,1
201304,1,1,1698.1,225,1
201304,1,2,633.97,405,1
201304,1,3,1337.5,15,1
201304,2,1,1952.81,86,1
201304,2,2,760.76,391,1
201304,2,3,1471.25,202,1
201304,3,1,1783,9,1
201304,3,2,697.36,40,1
201304,3,3,1364.25,34,1
201305,1,1,1698.1,258,1
201305,1,2,633.97,465,1
201305,1,3,1337.5,17,1
201305,2,1,1952.81,99,1
201305,2,2,760.76,449,1
201305,2,3,1471.25,232,1
201305,3,1,1783,11,1
201305,3,2,697.36,46,1
201305,3,3,1364.25,39,1
201306,1,1,1698.1,283,1
201306,1,2,633.97,510,1
201306,1,3,1337.5,19,1
201306,2,1,1952.81,108,1
201306,2,2,760.76,493,1
201306,2,3,1471.25,255,1
201306,3,1,1783,12,1
201306,3,2,697.36,50,1
201306,3,3,1364.25,42,1
201307,1,1,1698.1,229,1
201307,1,2,633.97,413,1
201307,1,3,1337.5,15,1
201307,2,1,1952.81,88,1
201307,2,2,760.76,399,1
201307,2,3,1471.25,206,1
201307,3,1,1783,9,1
201307,3,2,697.36,40,1
201307,3,3,1364.25,34,1
201308,1,1,1698.1,135,1
201308,1,2,633.97,243,1
201308,1,3,1337.5,9,1
201308,2,1,1952.81,52,1
201308,2,2,760.76,235,1
201308,2,3,1471.25,121,1
201308,3,1,1783,6,1
201308,3,2,697.36,24,1
201308,3,3,1364.25,20,1
201309,1,1,1698.1,287,1
201309,1,2,633.97,516,1
201309,1,3,1337.5,19,1
201309,2,1,1952.81,110,1
201309,2,2,760.76,499,1
201309,2,3,1471.25,258,1
201309,3,1,1783,12,1
201309,3,2,697.36,51,1
201309,3,3,1364.25,43,1
201310,1,1,1698.1,359,1
201310,1,2,633.97,646,1
201310,1,3,1337.5,24,1
201310,2,1,1952.81,137,1
201310,2,2,760.76,624,1
201310,2,3,1471.25,323,1
201310,3,1,1783,15,1
201310,3,2,697.36,63,1
201310,3,3,1364.25,54,1
201311,1,1,1698.1,251,1
201311,1,2,633.97,452,1
201311,1,3,1337.5,17,1
201311,2,1,1952.81,96,1
201311,2,2,760.76,437,1
201311,2,3,1471.25,226,1
201311,3,1,1783,10,1
201311,3,2,697.36,44,1
201311,3,3,1364.25,38,1
201312,1,1,1698.1,199,1
201312,1,2,633.97,358,1
201312,1,3,1337.5,11,1
201312,2,1,1952.81,75,1
201312,2,2,760.76,348,1
201312,2,3,1471.25,181,1
201312,3,1,1783,8,1
201312,3,2,697.36,35,1
201312,3,3,1364.25,31,1
201401,1,1,1732.06,211,1
201401,1,2,652.98,376,1
201401,1,3,1377.62,14,1
201401,2,1,1991.87,72,1
201401,2,2,783.58,333,1
201401,2,3,1515.39,186,1
201401,3,1,1818.66,11,1
201401,3,2,718.28,42,1
201401,3,3,1405.18,37,1
201402,1,1,1732.06,215,1
201402,1,2,652.98,383,1
201402,1,3,1377.62,14,1
201402,2,1,1991.87,74,1
201402,2,2,783.58,339,1
201402,2,3,1515.39,189,1
201402,3,1,1818.66,11,1
201402,3,2,718.28,42,1
201402,3,3,1405.18,37,1
201403,1,1,1732.06,248,1
201403,1,2,652.98,442,1
201403,1,3,1377.62,16,1
201403,2,1,1991.87,85,1
201403,2,2,783.58,391,1
201403,2,3,1515.39,218,1
201403,3,1,1818.66,13,1
201403,3,2,718.28,49,1
201403,3,3,1405.18,43,1
201404,1,1,1732.06,272,1
201404,1,2,652.98,484,1
201404,1,3,1377.62,18,1
201404,2,1,1991.87,93,1
201404,2,2,783.58,429,1
201404,2,3,1515.39,239,1
201404,3,1,1818.66,14,1
201404,3,2,718.28,54,1
201404,3,3,1405.18,47,1
201405,1,1,1732.06,230,1
201405,1,2,652.98,410,1
201405,1,3,1377.62,15,1
201405,2,1,1991.87,79,1
201405,2,2,783.58,363,1
201405,2,3,1515.39,203,1
201405,3,1,1818.66,12,1
201405,3,2,718.28,45,1
201405,3,3,1405.18,40,1
201406,1,1,1732.06,337,1
201406,1,2,652.98,601,1
201406,1,3,1377.62,22,1
201406,2,1,1991.87,116,1
201406,2,2,783.58,532,1
201406,2,3,1515.39,297,1
201406,3,1,1818.66,17,1
201406,3,2,718.28,66,1
201406,3,3,1405.18,59,1
201407,1,1,1732.06,245,1
201407,1,2,652.98,437,1
201407,1,3,1377.62,16,1
201407,2,1,1991.87,84,1
201407,2,2,783.58,387,1
201407,2,3,1515.39,216,1
201407,3,1,1818.66,12,1
201407,3,2,718.28,48,1
201407,3,3,1405.18,43,1
201408,1,1,1732.06,205,1
201408,1,2,652.98,366,1
201408,1,3,1377.62,13,1
201408,2,1,1991.87,71,1
201408,2,2,783.58,325,1
201408,2,3,1515.39,181,1
201408,3,1,1818.66,10,1
201408,3,2,718.28,41,1
201408,3,3,1405.18,36,1
201409,1,1,1732.06,306,1
201409,1,2,652.98,547,1
201409,1,3,1377.62,20,1
201409,2,1,1991.87,105,1
201409,2,2,783.58,484,1
201409,2,3,1515.39,270,1
201409,3,1,1818.66,16,1
201409,3,2,718.28,60,1
201409,3,3,1405.18,53,1
201410,1,1,1732.06,327,1
201410,1,2,652.98,583,1
201410,1,3,1377.62,21,1
201410,2,1,1991.87,112,1
201410,2,2,783.58,517,1
201410,2,3,1515.39,288,1
201410,3,1,1818.66,17,1
201410,3,2,718.28,65,1
201410,3,3,1405.18,57,1
201411,1,1,1732.06,245,1
201411,1,2,652.98,438,1
201411,1,3,1377.62,16,1
201411,2,1,1991.87,84,1
201411,2,2,783.58,388,1
201411,2,3,1515.39,216,1
201411,3,1,1818.66,13,1
201411,3,2,718.28,48,1
201411,3,3,1405.18,43,1
201412,1,1,1732.06,163,1
201412,1,2,652.98,291,1
201412,1,3,1377.62,10,1
201412,2,1,1991.87,57,1
201412,2,2,783.58,259,1
201412,2,3,1515.39,145,1
201412,3,1,1818.66,7,1
201412,3,2,718.28,33,1
201412,3,3,1405.18,28,1
201501,1,1,1758.04,200,1
201501,1,2,652.98,347,1
201501,1,3,1398.29,13,1
201501,2,1,2021.75,61,1
201501,2,2,783.58,298,1
201501,2,3,1538.12,162,1
201501,3,1,1845.94,12,1
201501,3,2,718.28,50,1
201501,3,3,1426.25,42,1
201502,1,1,1758.04,240,1
201502,1,2,652.98,417,1
201502,1,3,1398.29,15,1
201502,2,1,2021.75,74,1
201502,2,2,783.58,358,1
201502,2,3,1538.12,194,1
201502,3,1,1845.94,14,1
201502,3,2,718.28,60,1
201502,3,3,1426.25,50,1
201503,1,1,1758.04,272,1
201503,1,2,652.98,472,1
201503,1,3,1398.29,17,1
201503,2,1,2021.75,84,1
201503,2,2,783.58,405,1
201503,2,3,1538.12,220,1
201503,3,1,1845.94,16,1
201503,3,2,718.28,68,1
201503,3,3,1426.25,57,1
201504,1,1,1758.04,232,1
201504,1,2,652.98,403,1
201504,1,3,1398.29,15,1
201504,2,1,2021.75,71,1
201504,2,2,783.58,346,1
201504,2,3,1538.12,188,1
201504,3,1,1845.94,14,1
201504,3,2,718.28,58,1
201504,3,3,1426.25,49,1
201505,1,1,1758.04,306,1
201505,1,2,652.98,531,1
201505,1,3,1398.29,20,1
201505,2,1,2021.75,94,1
201505,2,2,783.58,456,1
201505,2,3,1538.12,247,1
201505,3,1,1845.94,18,1
201505,3,2,718.28,76,1
201505,3,3,1426.25,64,1
201506,1,1,1758.04,257,1
201506,1,2,652.98,446,1
201506,1,3,1398.29,16,1
201506,2,1,2021.75,79,1
201506,2,2,783.58,383,1
201506,2,3,1538.12,208,1
201506,3,1,1845.94,15,1
201506,3,2,718.28,64,1
201506,3,3,1426.25,54,1
201507,1,1,1758.04,301,1
201507,1,2,652.98,522,1
201507,1,3,1398.29,19,1
201507,2,1,2021.75,92,1
201507,2,2,783.58,448,1
201507,2,3,1538.12,243,1
201507,3,1,1845.94,18,1
201507,3,2,718.28,75,1
201507,3,3,1426.25,63,1
201508,1,1,1758.04,158,1
201508,1,2,652.98,275,1
201508,1,3,1398.29,10,1
201508,2,1,2021.75,49,1
201508,2,2,783.58,236,1
201508,2,3,1538.12,128,1
201508,3,1,1845.94,9,1
201508,3,2,718.28,40,1
201508,3,3,1426.25,33,1
201509,1,1,1758.04,334,1
201509,1,2,652.98,578,1
201509,1,3,1398.29,21,1
201509,2,1,2021.75,102,1
201509,2,2,783.58,496,1
201509,2,3,1538.12,269,1
201509,3,1,1845.94,19,1
201509,3,2,718.28,83,1
201509,3,3,1426.25,70,1
201510,1,1,1758.04,418,1
201510,1,2,652.98,724,1
201510,1,3,1398.29,27,1
201510,2,1,2021.75,128,1
201510,2,2,783.58,622,1
201510,2,3,1538.12,337,1
201510,3,1,1845.94,24,1
201510,3,2,718.28,104,1
201510,3,3,1426.25,87,1
201511,1,1,1758.04,342,1
201511,1,2,652.98,593,1
201511,1,3,1398.29,22,1
201511,2,1,2021.75,105,1
201511,2,2,783.58,509,1
201511,2,3,1538.12,276,1
201511,3,1,1845.94,20,1
201511,3,2,718.28,85,1
201511,3,3,1426.25,72,1
201512,1,1,1758.04,242,1
201512,1,2,652.98,418,1
201512,1,3,1398.29,16,1
201512,2,1,2021.75,75,1
201512,2,2,783.58,358,1
201512,2,3,1538.12,195,1
201512,3,1,1845.94,13,1
201512,3,2,718.28,60,1
201512,3,3,1426.25,50,1
201601,1,1,1775.62,236,1
201601,1,2,656.25,429,1
201601,1,3,1426.25,15,1
201601,2,1,2041.97,68,1
201601,2,2,787.5,341,1
201601,2,3,1568.88,180,1
201601,3,1,1864.4,15,1
201601,3,2,721.87,69,1
201601,3,3,1454.78,57,1
201602,1,1,1775.62,213,1
201602,1,2,656.25,388,1
201602,1,3,1426.25,14,1
201602,2,1,2041.97,61,1
201602,2,2,787.5,308,1
201602,2,3,1568.88,163,1
201602,3,1,1864.4,14,1
201602,3,2,721.87,63,1
201602,3,3,1454.78,52,1
201603,1,1,1775.62,255,1
201603,1,2,656.25,464,1
201603,1,3,1426.25,16,1
201603,2,1,2041.97,73,1
201603,2,2,787.5,369,1
201603,2,3,1568.88,195,1
201603,3,1,1864.4,16,1
201603,3,2,721.87,75,1
201603,3,3,1454.78,62,1
201604,1,1,1775.62,306,1
201604,1,2,656.25,557,1
201604,1,3,1426.25,20,1
201604,2,1,2041.97,88,1
201604,2,2,787.5,443,1
201604,2,3,1568.88,234,1
201604,3,1,1864.4,20,1
201604,3,2,721.87,90,1
201604,3,3,1454.78,74,1
201605,1,1,1775.62,270,1
201605,1,2,656.25,492,1
201605,1,3,1426.25,17,1
201605,2,1,2041.97,77,1
201605,2,2,787.5,391,1
201605,2,3,1568.88,206,1
201605,3,1,1864.4,17,1
201605,3,2,721.87,79,1
201605,3,3,1454.78,66,1
201606,1,1,1775.62,298,1
201606,1,2,656.25,543,1
201606,1,3,1426.25,19,1
201606,2,1,2041.97,85,1
201606,2,2,787.5,431,1
201606,2,3,1568.88,228,1
201606,3,1,1864.4,19,1
201606,3,2,721.87,88,1
201606,3,3,1454.78,72,1
201607,1,1,1775.62,246,1
201607,1,2,656.25,447,1
201607,1,3,1426.25,16,1
201607,2,1,2041.97,70,1
201607,2,2,787.5,355,1
201607,2,3,1568.88,187,1
201607,3,1,1864.4,16,1
201607,3,2,721.87,72,1
201607,3,3,1454.78,60,1
201608,1,1,1775.62,240,1
201608,1,2,656.25,437,1
201608,1,3,1426.25,15,1
201608,2,1,2041.97,69,1
201608,2,2,787.5,347,1
201608,2,3,1568.88,183,1
201608,3,1,1864.4,15,1
201608,3,2,721.87,71,1
201608,3,3,1454.78,58,1
201609,1,1,1775.62,400,1
201609,1,2,656.25,728,1
201609,1,3,1426.25,26,1
201609,2,1,2041.97,114,1
201609,2,2,787.5,579,1
201609,2,3,1568.88,305,1
201609,3,1,1864.4,26,1
201609,3,2,721.87,118,1
201609,3,3,1454.78,97,1
201610,1,1,1775.62,406,1
201610,1,2,656.25,739,1
201610,1,3,1426.25,26,1
201610,2,1,2041.97,116,1
201610,2,2,787.5,587,1
201610,2,3,1568.88,310,1
201610,3,1,1864.4,26,1
201610,3,2,721.87,119,1
201610,3,3,1454.78,99,1
201611,1,1,1775.62,341,1
201611,1,2,656.25,620,1
201611,1,3,1426.25,22,1
201611,2,1,2041.97,98,1
201611,2,2,787.5,493,1
201611,2,3,1568.88,260,1
201611,3,1,1864.4,22,1
201611,3,2,721.87,100,1
201611,3,3,1454.78,83,1
201612,1,1,1775.62,240,1
201612,1,2,656.25,434,1
201612,1,3,1426.25,16,1
201612,2,1,2041.97,68,1
201612,2,2,787.5,346,1
201612,2,3,1568.88,182,1
201612,3,1,1864.4,16,1
201612,3,2,721.87,70,1
201612,3,3,1454.78,58,1
201701,1,1,1802.26,238,1
201701,1,2,669.37,413,1
201701,1,3,1447.65,15,1
201701,2,1,2072.6,56,1
201701,2,2,803.25,321,1
201701,2,3,1592.41,170,1
201701,3,1,1892.37,20,1
201701,3,2,736.31,82,1
201701,3,3,1476.6,70,1
201702,1,1,1802.26,195,1
201702,1,2,669.37,337,1
201702,1,3,1447.65,12,1
201702,2,1,2072.6,46,1
201702,2,2,803.25,262,1
201702,2,3,1592.41,139,1
201702,3,1,1892.37,16,1
201702,3,2,736.31,67,1
201702,3,3,1476.6,58,1
201703,1,1,1802.26,291,1
201703,1,2,669.37,505,1
201703,1,3,1447.65,18,1
201703,2,1,2072.6,68,1
201703,2,2,803.25,392,1
201703,2,3,1592.41,208,1
201703,3,1,1892.37,24,1
201703,3,2,736.31,100,1
201703,3,3,1476.6,86,1
201704,1,1,1802.26,315,1
201704,1,2,669.37,545,1
201704,1,3,1447.65,20,1
201704,2,1,2072.6,74,1
201704,2,2,803.25,424,1
201704,2,3,1592.41,224,1
201704,3,1,1892.37,26,1
201704,3,2,736.31,108,1
201704,3,3,1476.6,93,1
201705,1,1,1802.26,357,1
201705,1,2,669.37,619,1
201705,1,3,1447.65,23,1
201705,2,1,2072.6,84,1
201705,2,2,803.25,481,1
201705,2,3,1592.41,255,1
201705,3,1,1892.37,30,1
201705,3,2,736.31,123,1
201705,3,3,1476.6,106,1
201706,1,1,1802.26,346,1
201706,1,2,669.37,600,1
201706,1,3,1447.65,22,1
201706,2,1,2072.6,81,1
201706,2,2,803.25,466,1
201706,2,3,1592.41,247,1
201706,3,1,1892.37,29,1
201706,3,2,736.31,119,1
201706,3,3,1476.6,102,1
201707,1,1,1802.26,289,1
201707,1,2,669.37,500,1
201707,1,3,1447.65,18,1
201707,2,1,2072.6,68,1
201707,2,2,803.25,389,1
201707,2,3,1592.41,206,1
201707,3,1,1892.37,24,1
201707,3,2,736.31,99,1
201707,3,3,1476.6,85,1
201708,1,1,1802.26,201,1
201708,1,2,669.37,349,1
201708,1,3,1447.65,13,1
201708,2,1,2072.6,47,1
201708,2,2,803.25,271,1
201708,2,3,1592.41,144,1
201708,3,1,1892.37,17,1
201708,3,2,736.31,69,1
201708,3,3,1476.6,59,1
201709,1,1,1802.26,303,1
201709,1,2,669.37,525,1
201709,1,3,1447.65,19,1
201709,2,1,2072.6,71,1
201709,2,2,803.25,408,1
201709,2,3,1592.41,216,1
201709,3,1,1892.37,25,1
201709,3,2,736.31,104,1
201709,3,3,1476.6,90,1
201710,1,1,1802.26,436,1
201710,1,2,669.37,757,1
201710,1,3,1447.65,28,1
201710,2,1,2072.6,103,1
201710,2,2,803.25,588,1
201710,2,3,1592.41,311,1
201710,3,1,1892.37,36,1
201710,3,2,736.31,150,1
201710,3,3,1476.6,129,1
201711,1,1,1802.26,377,1
201711,1,2,669.37,654,1
201711,1,3,1447.65,24,1
201711,2,1,2072.6,89,1
201711,2,2,803.25,508,1
201711,2,3,1592.41,269,1
201711,3,1,1892.37,31,1
201711,3,2,736.31,130,1
201711,3,3,1476.6,111,1
201712,1,1,1802.26,259,1
201712,1,2,669.37,451,1
201712,1,3,1447.65,16,1
201712,2,1,2072.6,61,1
201712,2,2,803.25,350,1
201712,2,3,1592.41,185,1
201712,3,1,1892.37,22,1
201712,3,2,736.31,89,1
201712,3,3,1476.6,77,1
201801,1,1,1820.28,191,1
201801,1,2,672.72,347,1
201801,1,3,1454.88,12,1
201801,2,1,2093.32,42,1
201801,2,2,807.27,240,1
201801,2,3,1600.37,127,1
201801,3,1,1911.29,20,1
201801,3,2,739.99,79,1
201801,3,3,1483.98,68,1
201802,1,1,1820.28,193,1
201802,1,2,672.72,350,1
201802,1,3,1454.88,12,1
201802,2,1,2093.32,42,1
201802,2,2,807.27,243,1
201802,2,3,1600.37,129,1
201802,3,1,1911.29,20,1
201802,3,2,739.99,80,1
201802,3,3,1483.98,69,1
201803,1,1,1820.28,294,1
201803,1,2,672.72,536,1
201803,1,3,1454.88,19,1
201803,2,1,2093.32,64,1
201803,2,2,807.27,371,1
201803,2,3,1600.37,197,1
201803,3,1,1911.29,31,1
201803,3,2,739.99,122,1
201803,3,3,1483.98,105,1
201804,1,1,1820.28,254,1
201804,1,2,672.72,462,1
201804,1,3,1454.88,16,1
201804,2,1,2093.32,56,1
201804,2,2,807.27,320,1
201804,2,3,1600.37,170,1
201804,3,1,1911.29,27,1
201804,3,2,739.99,106,1
201804,3,3,1483.98,91,1
201805,1,1,1820.28,334,1
201805,1,2,672.72,608,1
201805,1,3,1454.88,22,1
201805,2,1,2093.32,73,1
201805,2,2,807.27,421,1
201805,2,3,1600.37,223,1
201805,3,1,1911.29,35,1
201805,3,2,739.99,139,1
201805,3,3,1483.98,119,1
201806,1,1,1820.28,387,1
201806,1,2,672.72,703,1
201806,1,3,1454.88,25,1
201806,2,1,2093.32,85,1
201806,2,2,807.27,487,1
201806,2,3,1600.37,258,1
201806,3,1,1911.29,41,1
201806,3,2,739.99,161,1
201806,3,3,1483.98,138,1
201807,1,1,1820.28,246,1
201807,1,2,672.72,447,1
201807,1,3,1454.88,16,1
201807,2,1,2093.32,54,1
201807,2,2,807.27,310,1
201807,2,3,1600.37,164,1
201807,3,1,1911.29,26,1
201807,3,2,739.99,102,1
201807,3,3,1483.98,88,1
201808,1,1,1820.28,257,1
201808,1,2,672.72,468,1
201808,1,3,1454.88,17,1
201808,2,1,2093.32,56,1
201808,2,2,807.27,324,1
201808,2,3,1600.37,172,1
201808,3,1,1911.29,27,1
201808,3,2,739.99,107,1
201808,3,3,1483.98,92,1
201809,1,1,1820.28,393,1
201809,1,2,672.72,714,1
201809,1,3,1454.88,25,1
201809,2,1,2093.32,86,1
201809,2,2,807.27,495,1
201809,2,3,1600.37,262,1
201809,3,1,1911.29,41,1
201809,3,2,739.99,163,1
201809,3,3,1483.98,140,1
201810,1,1,1820.28,342,1
201810,1,2,672.72,622,1
201810,1,3,1454.88,22,1
201810,2,1,2093.32,75,1
201810,2,2,807.27,431,1
201810,2,3,1600.37,228,1
201810,3,1,1911.29,36,1
201810,3,2,739.99,142,1
201810,3,3,1483.98,122,1
201811,1,1,1820.28,387,1
201811,1,2,672.72,703,1
201811,1,3,1454.88,25,1
201811,2,1,2093.32,85,1
201811,2,2,807.27,487,1
201811,2,3,1600.37,258,1
201811,3,1,1911.29,41,1
201811,3,2,739.99,161,1
201811,3,3,1483.98,138,1
201812,1,1,1820.28,292,1
201812,1,2,672.72,535,1
201812,1,3,1454.88,20,1
201812,2,1,2093.32,63,1
201812,2,2,807.27,372,1
201812,2,3,1600.37,196,1
201812,3,1,1911.29,31,1
201812,3,2,739.99,121,1
201812,3,3,1483.98,105,1
201901,1,1,1829.38,223,1
201901,1,2,676.09,406,1
201901,1,3,1469.43,14,1
201901,2,1,2103.79,49,1
201901,2,2,811.3,258,1
201901,2,3,1616.38,140,1
201901,3,1,1920.85,28,1
201901,3,2,743.69,116,1
201901,3,3,1498.82,99,1
201902,1,1,1829.38,255,1
201902,1,2,676.09,464,1
201902,1,3,1469.43,16,1
201902,2,1,2103.79,55,1
201902,2,2,811.3,295,1
201902,2,3,1616.38,160,1
201902,3,1,1920.85,32,1
201902,3,2,743.69,132,1
201902,3,3,1498.82,113,1
201903,1,1,1829.38,281,1
201903,1,2,676.09,512,1
201903,1,3,1469.43,18,1
201903,2,1,2103.79,61,1
201903,2,2,811.3,326,1
201903,2,3,1616.38,176,1
201903,3,1,1920.85,35,1
201903,3,2,743.69,146,1
201903,3,3,1498.82,125,1
201904,1,1,1829.38,309,1
201904,1,2,676.09,561,1
201904,1,3,1469.43,20,1
201904,2,1,2103.79,67,1
201904,2,2,811.3,357,1
201904,2,3,1616.38,193,1
201904,3,1,1920.85,38,1
201904,3,2,743.69,160,1
201904,3,3,1498.82,137,1
201905,1,1,1829.38,283,1
201905,1,2,676.09,514,1
201905,1,3,1469.43,18,1
201905,2,1,2103.79,61,1
201905,2,2,811.3,327,1
201905,2,3,1616.38,177,1
201905,3,1,1920.85,35,1
201905,3,2,743.69,146,1
201905,3,3,1498.82,125,1
201906,1,1,1829.38,370,1
201906,1,2,676.09,673,1
201906,1,3,1469.43,24,1
201906,2,1,2103.79,80,1
201906,2,2,811.3,428,1
201906,2,3,1616.38,231,1
201906,3,1,1920.85,46,1
201906,3,2,743.69,191,1
201906,3,3,1498.82,164,1
201907,1,1,1829.38,314,1
201907,1,2,676.09,571,1
201907,1,3,1469.43,20,1
201907,2,1,2103.79,68,1
201907,2,2,811.3,363,1
201907,2,3,1616.38,196,1
201907,3,1,1920.85,39,1
201907,3,2,743.69,163,1
201907,3,3,1498.82,139,1
201908,1,1,1829.38,211,1
201908,1,2,676.09,384,1
201908,1,3,1469.43,14,1
201908,2,1,2103.79,46,1
201908,2,2,811.3,244,1
201908,2,3,1616.38,132,1
201908,3,1,1920.85,26,1
201908,3,2,743.69,109,1
201908,3,3,1498.82,93,1
201909,1,1,1829.38,345,1
201909,1,2,676.09,627,1
201909,1,3,1469.43,22,1
201909,2,1,2103.79,75,1
201909,2,2,811.3,399,1
201909,2,3,1616.38,216,1
201909,3,1,1920.85,43,1
201909,3,2,743.69,179,1
201909,3,3,1498.82,153,1
201910,1,1,1829.38,368,1
201910,1,2,676.09,669,1
201910,1,3,1469.43,24,1
201910,2,1,2103.79,80,1
201910,2,2,811.3,426,1
201910,2,3,1616.38,230,1
201910,3,1,1920.85,46,1
201910,3,2,743.69,191,1
201910,3,3,1498.82,163,1
201911,1,1,1829.38,302,1
201911,1,2,676.09,549,1
201911,1,3,1469.43,19,1
201911,2,1,2103.79,66,1
201911,2,2,811.3,349,1
201911,2,3,1616.38,189,1
201911,3,1,1920.85,38,1
201911,3,2,743.69,156,1
201911,3,3,1498.82,134,1
201912,1,1,1829.38,152,1
201912,1,2,676.09,280,1
201912,1,3,1469.43,11,1
201912,2,1,2103.79,34,1
201912,2,2,811.3,178,1
201912,2,3,1616.38,95,1
201912,3,1,1920.85,19,1
201912,3,2,743.69,79,1
201912,3,3,1498.82,67,1
202001,1,1,1856.82,232,1
202001,1,2,686.23,404,1
202001,1,3,1506.17,15,1
202001,2,1,2135.34,45,1
202001,2,2,823.47,251,1
202001,2,3,1656.79,138,1
202001,3,1,1949.66,33,1
202001,3,2,754.85,138,1
202001,3,3,1536.29,117,1
202002,1,1,1856.82,249,1
202002,1,2,686.23,434,1
202002,1,3,1506.17,16,1
202002,2,1,2135.34,48,1
202002,2,2,823.47,270,1
202002,2,3,1656.79,148,1
202002,3,1,1949.66,36,1
202002,3,2,754.85,149,1
202002,3,3,1536.29,126,1
202003,1,1,1856.82,244,1
202003,1,2,686.23,425,1
202003,1,3,1506.17,15,1
202003,2,1,2135.34,47,1
202003,2,2,823.47,265,1
202003,2,3,1656.79,145,1
202003,3,1,1949.66,35,1
202003,3,2,754.85,146,1
202003,3,3,1536.29,123,1
202004,1,1,1856.82,230,1
202004,1,2,686.23,400,1
202004,1,3,1506.17,14,1
202004,2,1,2135.34,44,1
202004,2,2,823.47,249,1
202004,2,3,1656.79,136,1
202004,3,1,1949.66,33,1
202004,3,2,754.85,137,1
202004,3,3,1536.29,116,1
202005,1,1,1856.82,284,1
202005,1,2,686.23,495,1
202005,1,3,1506.17,18,1
202005,2,1,2135.34,55,1
202005,2,2,823.47,308,1
202005,2,3,1656.79,169,1
202005,3,1,1949.66,41,1
202005,3,2,754.85,169,1
202005,3,3,1536.29,144,1
202006,1,1,1856.82,367,1
202006,1,2,686.23,640,1
202006,1,3,1506.17,23,1
202006,2,1,2135.34,71,1
202006,2,2,823.47,398,1
202006,2,3,1656.79,218,1
202006,3,1,1949.66,53,1
202006,3,2,754.85,219,1
202006,3,3,1536.29,186,1
202007,1,1,1856.82,287,1
202007,1,2,686.23,499,1
202007,1,3,1506.17,18,1
202007,2,1,2135.34,55,1
202007,2,2,823.47,311,1
202007,2,3,1656.79,170,1
202007,3,1,1949.66,41,1
202007,3,2,754.85,171,1
202007,3,3,1536.29,145,1
202008,1,1,1856.82,226,1
202008,1,2,686.23,393,1
202008,1,3,1506.17,14,1
202008,2,1,2135.34,44,1
202008,2,2,823.47,244,1
202008,2,3,1656.79,134,1
202008,3,1,1949.66,32,1
202008,3,2,754.85,135,1
202008,3,3,1536.29,114,1
202009,1,1,1856.82,291,1
202009,1,2,686.23,507,1
202009,1,3,1506.17,18,1
202009,2,1,2135.34,56,1
202009,2,2,823.47,315,1
202009,2,3,1656.79,173,1
202009,3,1,1949.66,42,1
202009,3,2,754.85,174,1
202009,3,3,1536.29,147,1
202010,1,1,1856.82,413,1
202010,1,2,686.23,721,1
202010,1,3,1506.17,26,1
202010,2,1,2135.34,80,1
202010,2,2,823.47,448,1
202010,2,3,1656.79,246,1
202010,3,1,1949.66,59,1
202010,3,2,754.85,247,1
202010,3,3,1536.29,209,1
202011,1,1,1856.82,323,1
202011,1,2,686.23,564,1
202011,1,3,1506.17,20,1
202011,2,1,2135.34,62,1
202011,2,2,823.47,351,1
202011,2,3,1656.79,192,1
202011,3,1,1949.66,46,1
202011,3,2,754.85,193,1
202011,3,3,1536.29,163,1
202012,1,1,1856.82,400,1
202012,1,2,686.23,698,1
202012,1,3,1506.17,25,1
202012,2,1,2135.34,77,1
202012,2,2,823.47,434,1
202012,2,3,1656.79,237,1
202012,3,1,1949.66,57,1
202012,3,2,754.85,238,1
202012,3,3,1536.29,202,1
202101,1,1,2005.37,177,1
202101,1,2,734.26,335,1
202101,1,3,1641.72,13,1
202101,2,1,2306.17,35,1
202101,2,2,881.11,186,1
202101,2,3,1805.9,103,1
202101,3,1,2105.64,29,1
202101,3,2,807.69,116,1
202101,3,3,1674.56,100,1
202102,1,1,2005.37,247,1
202102,1,2,734.26,467,1
202102,1,3,1641.72,18,1
202102,2,1,2306.17,50,1
202102,2,2,881.11,259,1
202102,2,3,1805.9,143,1
202102,3,1,2105.64,40,1
202102,3,2,807.69,162,1
202102,3,3,1674.56,139,1
202103,1,1,2005.37,299,1
202103,1,2,734.26,567,1
202103,1,3,1641.72,22,1
202103,2,1,2306.17,60,1
202103,2,2,881.11,315,1
202103,2,3,1805.9,174,1
202103,3,1,2105.64,49,1
202103,3,2,807.69,197,1
202103,3,3,1674.56,169,1
202104,1,1,2005.37,282,1
202104,1,2,734.26,533,1
202104,1,3,1641.72,21,1
202104,2,1,2306.17,57,1
202104,2,2,881.11,296,1
202104,2,3,1805.9,163,1
202104,3,1,2105.64,46,1
202104,3,2,807.69,185,1
202104,3,3,1674.56,159,1
202105,1,1,2005.37,250,1
202105,1,2,734.26,473,1
202105,1,3,1641.72,19,1
202105,2,1,2306.17,50,1
202105,2,2,881.11,263,1
202105,2,3,1805.9,145,1
202105,3,1,2105.64,41,1
202105,3,2,807.69,164,1
202105,3,3,1674.56,141,1
202106,1,1,2005.37,367,1
202106,1,2,734.26,694,1
202106,1,3,1641.72,28,1
202106,2,1,2306.17,74,1
202106,2,2,881.11,385,1
202106,2,3,1805.9,213,1
202106,3,1,2105.64,59,1
202106,3,2,807.69,241,1
202106,3,3,1674.56,208,1
202107,1,1,2005.37,220,1
202107,1,2,734.26,415,1
202107,1,3,1641.72,16,1
202107,2,1,2306.17,44,1
202107,2,2,881.11,231,1
202107,2,3,1805.9,127,1
202107,3,1,2105.64,36,1
202107,3,2,807.69,144,1
202107,3,3,1674.56,124,1
202108,1,1,2005.37,167,1
202108,1,2,734.26,315,1
202108,1,3,1641.72,12,1
202108,2,1,2306.17,33,1
202108,2,2,881.11,175,1
202108,2,3,1805.9,97,1
202108,3,1,2105.64,27,1
202108,3,2,807.69,109,1
202108,3,3,1674.56,94,1
202109,1,1,2005.37,403,1
202109,1,2,734.26,763,1
202109,1,3,1641.72,30,1
202109,2,1,2306.17,81,1
202109,2,2,881.11,423,1
202109,2,3,1805.9,234,1
202109,3,1,2105.64,65,1
202109,3,2,807.69,265,1
202109,3,3,1674.56,228,1
202110,1,1,2005.37,354,1
202110,1,2,734.26,670,1
202110,1,3,1641.72,27,1
202110,2,1,2306.17,71,1
202110,2,2,881.11,372,1
202110,2,3,1805.9,205,1
202110,3,1,2105.64,57,1
202110,3,2,807.69,233,1
202110,3,3,1674.56,200,1
202111,1,1,2005.37,373,1
202111,1,2,734.26,707,1
202111,1,3,1641.72,28,1
202111,2,1,2306.17,75,1
202111,2,2,881.11,392,1
202111,2,3,1805.9,216,1
202111,3,1,2105.64,60,1
202111,3,2,807.69,245,1
202111,3,3,1674.56,211,1
202112,1,1,2005.37,249,1
202112,1,2,734.26,473,1
202112,1,3,1641.72,20,1
202112,2,1,2306.17,50,1
202112,2,2,881.11,261,1
202112,2,3,1805.9,144,1
202112,3,1,2105.64,40,1
202112,3,2,807.69,164,1
202112,3,3,1674.56,143,1
202201,1,1,2225.96,231,1
202201,1,2,822.37,423,1
202201,1,3,1871.57,17,1
202201,2,1,2559.85,41,1
202201,2,2,986.85,226,1
202201,2,3,2058.72,126,1
202201,3,1,2337.26,38,1
202201,3,2,904.61,161,1
202201,3,3,1909,136,1
202202,1,1,2225.96,206,1
202202,1,2,822.37,377,1
202202,1,3,1871.57,15,1
202202,2,1,2559.85,37,1
202202,2,2,986.85,202,1
202202,2,3,2058.72,112,1
202202,3,1,2337.26,34,1
202202,3,2,904.61,143,1
202202,3,3,1909,121,1
202203,1,1,2225.96,266,1
202203,1,2,822.37,488,1
202203,1,3,1871.57,19,1
202203,2,1,2559.85,48,1
202203,2,2,986.85,261,1
202203,2,3,2058.72,145,1
202203,3,1,2337.26,44,1
202203,3,2,904.61,185,1
202203,3,3,1909,157,1
202204,1,1,2225.96,291,1
202204,1,2,822.37,534,1
202204,1,3,1871.57,21,1
202204,2,1,2559.85,52,1
202204,2,2,986.85,286,1
202204,2,3,2058.72,159,1
202204,3,1,2337.26,48,1
202204,3,2,904.61,203,1
202204,3,3,1909,172,1
202205,1,1,2225.96,288,1
202205,1,2,822.37,528,1
202205,1,3,1871.57,21,1
202205,2,1,2559.85,52,1
202205,2,2,986.85,282,1
202205,2,3,2058.72,157,1
202205,3,1,2337.26,47,1
202205,3,2,904.61,201,1
202205,3,3,1909,170,1
202206,1,1,2225.96,281,1
202206,1,2,822.37,516,1
202206,1,3,1871.57,20,1
202206,2,1,2559.85,50,1
202206,2,2,986.85,276,1
202206,2,3,2058.72,153,1
202206,3,1,2337.26,46,1
202206,3,2,904.61,196,1
202206,3,3,1909,166,1
202207,1,1,2225.96,239,1
202207,1,2,822.37,439,1
202207,1,3,1871.57,17,1
202207,2,1,2559.85,43,1
202207,2,2,986.85,235,1
202207,2,3,2058.72,130,1
202207,3,1,2337.26,39,1
202207,3,2,904.61,167,1
202207,3,3,1909,141,1
202208,1,1,2225.96,206,1
202208,1,2,822.37,378,1
202208,1,3,1871.57,15,1
202208,2,1,2559.85,37,1
202208,2,2,986.85,202,1
202208,2,3,2058.72,112,1
202208,3,1,2337.26,34,1
202208,3,2,904.61,144,1
202208,3,3,1909,122,1
202209,1,1,2225.96,286,1
202209,1,2,822.37,524,1
202209,1,3,1871.57,21,1
202209,2,1,2559.85,51,1
202209,2,2,986.85,280,1
202209,2,3,2058.72,156,1
202209,3,1,2337.26,47,1
202209,3,2,904.61,199,1
202209,3,3,1909,169,1
202210,1,1,2225.96,363,1
202210,1,2,822.37,666,1
202210,1,3,1871.57,26,1
202210,2,1,2559.85,65,1
202210,2,2,986.85,356,1
202210,2,3,2058.72,198,1
202210,3,1,2337.26,59,1
202210,3,2,904.61,253,1
202210,3,3,1909,214,1
202211,1,1,2225.96,333,1
202211,1,2,822.37,611,1
202211,1,3,1871.57,24,1
202211,2,1,2559.85,60,1
202211,2,2,986.85,326,1
202211,2,3,2058.72,181,1
202211,3,1,2337.26,55,1
202211,3,2,904.61,232,1
202211,3,3,1909,196,1
202212,1,1,2225.96,410,1
202212,1,2,822.37,758,1
202212,1,3,1871.57,30,1
202212,2,1,2559.85,73,1
202212,2,2,986.85,404,1
202212,2,3,2058.72,223,1
202212,3,1,2337.26,66,1
202212,3,2,904.61,288,1
202212,3,3,1909,243,1
202301,1,1,2381.77,234,1
202301,1,2,879.94,420,1
202301,1,3,2021.29,17,1
202301,2,1,2739.04,38,1
202301,2,2,1055.93,226,1
202301,2,3,2223.42,121,1
202301,3,1,2500.86,41,1
202301,3,2,967.93,161,1
202301,3,3,2061.72,140,1
202302,1,1,2381.77,200,1
202302,1,2,879.94,360,1
202302,1,3,2021.29,14,1
202302,2,1,2739.04,33,1
202302,2,2,1055.93,194,1
202302,2,3,2223.42,104,1
202302,3,1,2500.86,36,1
202302,3,2,967.93,138,1
202302,3,3,2061.72,120,1
202303,1,1,2381.77,271,1
202303,1,2,879.94,487,1
202303,1,3,2021.29,19,1
202303,2,1,2739.04,44,1
202303,2,2,1055.93,262,1
202303,2,3,2223.42,140,1
202303,3,1,2500.86,48,1
202303,3,2,967.93,186,1
202303,3,3,2061.72,162,1
202304,1,1,2381.77,277,1
202304,1,2,879.94,497,1
202304,1,3,2021.29,20,1
202304,2,1,2739.04,45,1
202304,2,2,1055.93,267,1
202304,2,3,2223.42,143,1
202304,3,1,2500.86,49,1
202304,3,2,967.93,190,1
202304,3,3,2061.72,165,1
202305,1,1,2381.77,311,1
202305,1,2,879.94,559,1
202305,1,3,2021.29,22,1
202305,2,1,2739.04,51,1
202305,2,2,1055.93,301,1
202305,2,3,2223.42,161,1
202305,3,1,2500.86,55,1
202305,3,2,967.93,214,1
202305,3,3,2061.72,186,1
202306,1,1,2381.77,386,1
202306,1,2,879.94,694,1
202306,1,3,2021.29,27,1
202306,2,1,2739.04,63,1
202306,2,2,1055.93,374,1
202306,2,3,2223.42,200,1
202306,3,1,2500.86,69,1
202306,3,2,967.93,266,1
202306,3,3,2061.72,231,1
202307,1,1,2381.77,285,1
202307,1,2,879.94,512,1
202307,1,3,2021.29,20,1
202307,2,1,2739.04,46,1
202307,2,2,1055.93,275,1
202307,2,3,2223.42,148,1
202307,3,1,2500.86,50,1
202307,3,2,967.93,196,1
202307,3,3,2061.72,170,1
202308,1,1,2381.77,228,1
202308,1,2,879.94,409,1
202308,1,3,2021.29,16,1
202308,2,1,2739.04,37,1
202308,2,2,1055.93,220,1
202308,2,3,2223.42,118,1
202308,3,1,2500.86,40,1
202308,3,2,967.93,157,1
202308,3,3,2061.72,136,1
202309,1,1,2381.77,397,1
202309,1,2,879.94,713,1
202309,1,3,2021.29,28,1
202309,2,1,2739.04,64,1
202309,2,2,1055.93,383,1
202309,2,3,2223.42,205,1
202309,3,1,2500.86,70,1
202309,3,2,967.93,273,1
202309,3,3,2061.72,237,1
202310,1,1,2381.77,309,1
202310,1,2,879.94,556,1
202310,1,3,2021.29,22,1
202310,2,1,2739.04,50,1
202310,2,2,1055.93,299,1
202310,2,3,2223.42,160,1
202310,3,1,2500.86,55,1
202310,3,2,967.93,213,1
202310,3,3,2061.72,185,1
202311,1,1,2381.77,296,1
202311,1,2,879.94,532,1
202311,1,3,2021.29,21,1
202311,2,1,2739.04,48,1
202311,2,2,1055.93,286,1
202311,2,3,2223.42,153,1
202311,3,1,2500.86,53,1
202311,3,2,967.93,204,1
202311,3,3,2061.72,177,1
202312,1,1,2381.77,195,1
202312,1,2,879.94,351,1
202312,1,3,2021.29,15,1
202312,2,1,2739.04,32,1
202312,2,2,1055.93,190,1
202312,2,3,2223.42,103,1
202312,3,1,2500.86,35,1
202312,3,2,967.93,132,1
202312,3,3,2061.72,117,1
202401,1,1,2429.41,191,1
202401,1,2,897.54,339,1
202401,1,3,2081.93,15,1
202401,2,1,2793.82,29,1
202401,2,2,1077.05,169,1
202401,2,3,2290.12,94,1
202401,3,1,2550.88,33,1
202401,3,2,987.29,141,1
202401,3,3,2123.57,117,1
202402,1,1,2429.41,223,1
202402,1,2,897.54,395,1
202402,1,3,2081.93,18,1
202402,2,1,2793.82,34,1
202402,2,2,1077.05,198,1
202402,2,3,2290.12,110,1
202402,3,1,2550.88,39,1
202402,3,2,987.29,165,1
202402,3,3,2123.57,137,1
202403,1,1,2429.41,265,1
202403,1,2,897.54,469,1
202403,1,3,2081.93,21,1
202403,2,1,2793.82,40,1
202403,2,2,1077.05,235,1
202403,2,3,2290.12,131,1
202403,3,1,2550.88,46,1
202403,3,2,987.29,196,1
202403,3,3,2123.57,162,1
202404,1,1,2429.41,274,1
202404,1,2,897.54,486,1
202404,1,3,2081.93,22,1
202404,2,1,2793.82,42,1
202404,2,2,1077.05,243,1
202404,2,3,2290.12,135,1
202404,3,1,2550.88,48,1
202404,3,2,987.29,203,1
202404,3,3,2123.57,168,1
202405,1,1,2429.41,315,1
202405,1,2,897.54,558,1
202405,1,3,2081.93,25,1
202405,2,1,2793.82,48,1
202405,2,2,1077.05,279,1
202405,2,3,2290.12,156,1
202405,3,1,2550.88,55,1
202405,3,2,987.29,233,1
202405,3,3,2123.57,193,1
202406,1,1,2429.41,322,1
202406,1,2,897.54,572,1
202406,1,3,2081.93,26,1
202406,2,1,2793.82,49,1
202406,2,2,1077.05,286,1
202406,2,3,2290.12,159,1
202406,3,1,2550.88,56,1
202406,3,2,987.29,238,1
202406,3,3,2123.57,198,1
202407,1,1,2429.41,294,1
202407,1,2,897.54,521,1
202407,1,3,2081.93,24,1
202407,2,1,2793.82,45,1
202407,2,2,1077.05,261,1
202407,2,3,2290.12,145,1
202407,3,1,2550.88,51,1
202407,3,2,987.29,217,1
202407,3,3,2123.57,180,1
202408,1,1,2429.41,185,1
202408,1,2,897.54,328,1
202408,1,3,2081.93,15,1
202408,2,1,2793.82,28,1
202408,2,2,1077.05,164,1
202408,2,3,2290.12,91,1
202408,3,1,2550.88,32,1
202408,3,2,987.29,137,1
202408,3,3,2123.57,113,1
202409,1,1,2429.41,399,1
202409,1,2,897.54,707,1
202409,1,3,2081.93,32,1
202409,2,1,2793.82,61,1
202409,2,2,1077.05,354,1
202409,2,3,2290.12,197,1
202409,3,1,2550.88,69,1
202409,3,2,987.29,295,1
202409,3,3,2123.57,245,1
202410,1,1,2429.41,350,1
202410,1,2,897.54,621,1
202410,1,3,2081.93,28,1
202410,2,1,2793.82,54,1
202410,2,2,1077.05,311,1
202410,2,3,2290.12,173,1
202410,3,1,2550.88,61,1
202410,3,2,987.29,259,1
202410,3,3,2123.57,215,1
202411,1,1,2429.41,359,1
202411,1,2,897.54,637,1
202411,1,3,2081.93,29,1
202411,2,1,2793.82,55,1
202411,2,2,1077.05,318,1
202411,2,3,2290.12,177,1
202411,3,1,2550.88,62,1
202411,3,2,987.29,265,1
202411,3,3,2123.57,220,1
202412,1,1,2429.41,322,1
202412,1,2,897.54,572,1
202412,1,3,2081.93,27,1
202412,2,1,2793.82,50,1
202412,2,2,1077.05,285,1
202412,2,3,2290.12,160,1
202412,3,1,2550.88,56,1
202412,3,2,987.29,237,1
202412,3,3,2123.57,199,1
